"Subject","trial_type","own.cod","true_class","true_FB","true_LR","lca.class","lca.tc","fb_tend","lr_tend","lmem.class","lmem.tc","bm.class","bm.tc"
"1","FB",1,"15",0.558,1,"3","4",1,1,"5","1","2","1"
"1","FB",1,"15",0.558,1,"3","4",1,1,"5","1","2","1"
"1","FB",1,"15",0.558,1,"3","4",1,1,"5","1","2","1"
"1","FB",1,"15",0.558,1,"3","4",1,1,"5","1","2","1"
"1","LR",1,"15",0.558,1,"3","4",1,1,"5","1","2","1"
"1","LR",1,"15",0.558,1,"3","4",1,1,"5","1","2","1"
"1","LR",1,"15",0.558,1,"3","4",1,1,"5","1","2","1"
"1","LR",1,"15",0.558,1,"3","4",1,1,"5","1","2","1"
"2","FB",1,"3",0.96,0.518,"1","1",1,0.5,"1","1","2","2"
"2","FB",1,"3",0.96,0.518,"1","1",1,0.5,"1","1","2","2"
"2","FB",1,"3",0.96,0.518,"1","1",1,0.5,"1","1","2","2"
"2","FB",1,"3",0.96,0.518,"1","1",1,0.5,"1","1","2","2"
"2","LR",0,"3",0.96,0.518,"1","1",1,0.5,"1","1","2","2"
"2","LR",0,"3",0.96,0.518,"1","1",1,0.5,"1","1","2","2"
"2","LR",1,"3",0.96,0.518,"1","1",1,0.5,"1","1","2","2"
"2","LR",1,"3",0.96,0.518,"1","1",1,0.5,"1","1","2","2"
"3","FB",0,"23",0.081,0.442,"4","2",0.25,0,"2","4","3","3"
"3","FB",0,"23",0.081,0.442,"4","2",0.25,0,"2","4","3","3"
"3","FB",0,"23",0.081,0.442,"4","2",0.25,0,"2","4","3","3"
"3","FB",1,"23",0.081,0.442,"4","2",0.25,0,"2","4","3","3"
"3","LR",0,"23",0.081,0.442,"4","2",0.25,0,"2","4","3","3"
"3","LR",0,"23",0.081,0.442,"4","2",0.25,0,"2","4","3","3"
"3","LR",0,"23",0.081,0.442,"4","2",0.25,0,"2","4","3","3"
"3","LR",0,"23",0.081,0.442,"4","2",0.25,0,"2","4","3","3"
"4","FB",0,"15",0.526,1,"3","4",0.5,1,"3","3","4","1"
"4","FB",0,"15",0.526,1,"3","4",0.5,1,"3","3","4","1"
"4","FB",1,"15",0.526,1,"3","4",0.5,1,"3","3","4","1"
"4","FB",1,"15",0.526,1,"3","4",0.5,1,"3","3","4","1"
"4","LR",1,"15",0.526,1,"3","4",0.5,1,"3","3","4","1"
"4","LR",1,"15",0.526,1,"3","4",0.5,1,"3","3","4","1"
"4","LR",1,"15",0.526,1,"3","4",0.5,1,"3","3","4","1"
"4","LR",1,"15",0.526,1,"3","4",0.5,1,"3","3","4","1"
"5","FB",0,"23",0.068,0.574,"2","3",0,0.5,"4","2","5","4"
"5","FB",0,"23",0.068,0.574,"2","3",0,0.5,"4","2","5","4"
"5","FB",0,"23",0.068,0.574,"2","3",0,0.5,"4","2","5","4"
"5","FB",0,"23",0.068,0.574,"2","3",0,0.5,"4","2","5","4"
"5","LR",0,"23",0.068,0.574,"2","3",0,0.5,"4","2","5","4"
"5","LR",0,"23",0.068,0.574,"2","3",0,0.5,"4","2","5","4"
"5","LR",1,"23",0.068,0.574,"2","3",0,0.5,"4","2","5","4"
"5","LR",1,"23",0.068,0.574,"2","3",0,0.5,"4","2","5","4"
"6","FB",1,"11",0.556,0,"1","1",1,0,"6","1","2","3"
"6","FB",1,"11",0.556,0,"1","1",1,0,"6","1","2","3"
"6","FB",1,"11",0.556,0,"1","1",1,0,"6","1","2","3"
"6","FB",1,"11",0.556,0,"1","1",1,0,"6","1","2","3"
"6","LR",0,"11",0.556,0,"1","1",1,0,"6","1","2","3"
"6","LR",0,"11",0.556,0,"1","1",1,0,"6","1","2","3"
"6","LR",0,"11",0.556,0,"1","1",1,0,"6","1","2","3"
"6","LR",0,"11",0.556,0,"1","1",1,0,"6","1","2","3"
"7","FB",0,"15",0.448,1,"3","4",0.75,1,"5","3","1","1"
"7","FB",1,"15",0.448,1,"3","4",0.75,1,"5","3","1","1"
"7","FB",1,"15",0.448,1,"3","4",0.75,1,"5","3","1","1"
"7","FB",1,"15",0.448,1,"3","4",0.75,1,"5","3","1","1"
"7","LR",1,"15",0.448,1,"3","4",0.75,1,"5","3","1","1"
"7","LR",1,"15",0.448,1,"3","4",0.75,1,"5","3","1","1"
"7","LR",1,"15",0.448,1,"3","4",0.75,1,"5","3","1","1"
"7","LR",1,"15",0.448,1,"3","4",0.75,1,"5","3","1","1"
"8","FB",1,"3",1,0.526,"1","1",1,0.5,"1","1","2","2"
"8","FB",1,"3",1,0.526,"1","1",1,0.5,"1","1","2","2"
"8","FB",1,"3",1,0.526,"1","1",1,0.5,"1","1","2","2"
"8","FB",1,"3",1,0.526,"1","1",1,0.5,"1","1","2","2"
"8","LR",0,"3",1,0.526,"1","1",1,0.5,"1","1","2","2"
"8","LR",0,"3",1,0.526,"1","1",1,0.5,"1","1","2","2"
"8","LR",1,"3",1,0.526,"1","1",1,0.5,"1","1","2","2"
"8","LR",1,"3",1,0.526,"1","1",1,0.5,"1","1","2","2"
"9","FB",0,"23",0.031,0.481,"2","3",0,0.5,"4","2","5","4"
"9","FB",0,"23",0.031,0.481,"2","3",0,0.5,"4","2","5","4"
"9","FB",0,"23",0.031,0.481,"2","3",0,0.5,"4","2","5","4"
"9","FB",0,"23",0.031,0.481,"2","3",0,0.5,"4","2","5","4"
"9","LR",0,"23",0.031,0.481,"2","3",0,0.5,"4","2","5","4"
"9","LR",0,"23",0.031,0.481,"2","3",0,0.5,"4","2","5","4"
"9","LR",1,"23",0.031,0.481,"2","3",0,0.5,"4","2","5","4"
"9","LR",1,"23",0.031,0.481,"2","3",0,0.5,"4","2","5","4"
"10","FB",0,"11",0.518,0.047,"4","2",0.25,0,"2","4","3","3"
"10","FB",0,"11",0.518,0.047,"4","2",0.25,0,"2","4","3","3"
"10","FB",0,"11",0.518,0.047,"4","2",0.25,0,"2","4","3","3"
"10","FB",1,"11",0.518,0.047,"4","2",0.25,0,"2","4","3","3"
"10","LR",0,"11",0.518,0.047,"4","2",0.25,0,"2","4","3","3"
"10","LR",0,"11",0.518,0.047,"4","2",0.25,0,"2","4","3","3"
"10","LR",0,"11",0.518,0.047,"4","2",0.25,0,"2","4","3","3"
"10","LR",0,"11",0.518,0.047,"4","2",0.25,0,"2","4","3","3"
"11","FB",0,"15",0.489,0.968,"3","4",0.5,0.75,"3","3","4","4"
"11","FB",0,"15",0.489,0.968,"3","4",0.5,0.75,"3","3","4","4"
"11","FB",1,"15",0.489,0.968,"3","4",0.5,0.75,"3","3","4","4"
"11","FB",1,"15",0.489,0.968,"3","4",0.5,0.75,"3","3","4","4"
"11","LR",0,"15",0.489,0.968,"3","4",0.5,0.75,"3","3","4","4"
"11","LR",1,"15",0.489,0.968,"3","4",0.5,0.75,"3","3","4","4"
"11","LR",1,"15",0.489,0.968,"3","4",0.5,0.75,"3","3","4","4"
"11","LR",1,"15",0.489,0.968,"3","4",0.5,0.75,"3","3","4","4"
"12","FB",0,"11",0.484,0.072,"4","2",0.75,0,"6","4","6","3"
"12","FB",1,"11",0.484,0.072,"4","2",0.75,0,"6","4","6","3"
"12","FB",1,"11",0.484,0.072,"4","2",0.75,0,"6","4","6","3"
"12","FB",1,"11",0.484,0.072,"4","2",0.75,0,"6","4","6","3"
"12","LR",0,"11",0.484,0.072,"4","2",0.75,0,"6","4","6","3"
"12","LR",0,"11",0.484,0.072,"4","2",0.75,0,"6","4","6","3"
"12","LR",0,"11",0.484,0.072,"4","2",0.75,0,"6","4","6","3"
"12","LR",0,"11",0.484,0.072,"4","2",0.75,0,"6","4","6","3"
"13","FB",1,"3",0.969,0.465,"1","1",1,0.5,"1","1","2","2"
"13","FB",1,"3",0.969,0.465,"1","1",1,0.5,"1","1","2","2"
"13","FB",1,"3",0.969,0.465,"1","1",1,0.5,"1","1","2","2"
"13","FB",1,"3",0.969,0.465,"1","1",1,0.5,"1","1","2","2"
"13","LR",0,"3",0.969,0.465,"1","1",1,0.5,"1","1","2","2"
"13","LR",0,"3",0.969,0.465,"1","1",1,0.5,"1","1","2","2"
"13","LR",1,"3",0.969,0.465,"1","1",1,0.5,"1","1","2","2"
"13","LR",1,"3",0.969,0.465,"1","1",1,0.5,"1","1","2","2"
"14","FB",0,"15",0.537,1,"3","4",0.25,1,"3","3","4","1"
"14","FB",0,"15",0.537,1,"3","4",0.25,1,"3","3","4","1"
"14","FB",0,"15",0.537,1,"3","4",0.25,1,"3","3","4","1"
"14","FB",1,"15",0.537,1,"3","4",0.25,1,"3","3","4","1"
"14","LR",1,"15",0.537,1,"3","4",0.25,1,"3","3","4","1"
"14","LR",1,"15",0.537,1,"3","4",0.25,1,"3","3","4","1"
"14","LR",1,"15",0.537,1,"3","4",0.25,1,"3","3","4","1"
"14","LR",1,"15",0.537,1,"3","4",0.25,1,"3","3","4","1"
"15","FB",0,"23",0.018,0.516,"2","3",0,0.25,"4","2","5","4"
"15","FB",0,"23",0.018,0.516,"2","3",0,0.25,"4","2","5","4"
"15","FB",0,"23",0.018,0.516,"2","3",0,0.25,"4","2","5","4"
"15","FB",0,"23",0.018,0.516,"2","3",0,0.25,"4","2","5","4"
"15","LR",0,"23",0.018,0.516,"2","3",0,0.25,"4","2","5","4"
"15","LR",0,"23",0.018,0.516,"2","3",0,0.25,"4","2","5","4"
"15","LR",0,"23",0.018,0.516,"2","3",0,0.25,"4","2","5","4"
"15","LR",1,"23",0.018,0.516,"2","3",0,0.25,"4","2","5","4"
"16","FB",0,"15",0.547,0.946,"3","4",0.5,1,"3","3","4","1"
"16","FB",0,"15",0.547,0.946,"3","4",0.5,1,"3","3","4","1"
"16","FB",1,"15",0.547,0.946,"3","4",0.5,1,"3","3","4","1"
"16","FB",1,"15",0.547,0.946,"3","4",0.5,1,"3","3","4","1"
"16","LR",1,"15",0.547,0.946,"3","4",0.5,1,"3","3","4","1"
"16","LR",1,"15",0.547,0.946,"3","4",0.5,1,"3","3","4","1"
"16","LR",1,"15",0.547,0.946,"3","4",0.5,1,"3","3","4","1"
"16","LR",1,"15",0.547,0.946,"3","4",0.5,1,"3","3","4","1"
"17","FB",0,"23",0.034,0.591,"2","3",0,0.5,"4","2","5","4"
"17","FB",0,"23",0.034,0.591,"2","3",0,0.5,"4","2","5","4"
"17","FB",0,"23",0.034,0.591,"2","3",0,0.5,"4","2","5","4"
"17","FB",0,"23",0.034,0.591,"2","3",0,0.5,"4","2","5","4"
"17","LR",0,"23",0.034,0.591,"2","3",0,0.5,"4","2","5","4"
"17","LR",0,"23",0.034,0.591,"2","3",0,0.5,"4","2","5","4"
"17","LR",1,"23",0.034,0.591,"2","3",0,0.5,"4","2","5","4"
"17","LR",1,"23",0.034,0.591,"2","3",0,0.5,"4","2","5","4"
"18","FB",0,"23",0.019,0.585,"2","3",0,0.75,"4","2","5","4"
"18","FB",0,"23",0.019,0.585,"2","3",0,0.75,"4","2","5","4"
"18","FB",0,"23",0.019,0.585,"2","3",0,0.75,"4","2","5","4"
"18","FB",0,"23",0.019,0.585,"2","3",0,0.75,"4","2","5","4"
"18","LR",0,"23",0.019,0.585,"2","3",0,0.75,"4","2","5","4"
"18","LR",1,"23",0.019,0.585,"2","3",0,0.75,"4","2","5","4"
"18","LR",1,"23",0.019,0.585,"2","3",0,0.75,"4","2","5","4"
"18","LR",1,"23",0.019,0.585,"2","3",0,0.75,"4","2","5","4"
"19","FB",1,"3",1,0.534,"1","1",1,0.75,"1","1","2","2"
"19","FB",1,"3",1,0.534,"1","1",1,0.75,"1","1","2","2"
"19","FB",1,"3",1,0.534,"1","1",1,0.75,"1","1","2","2"
"19","FB",1,"3",1,0.534,"1","1",1,0.75,"1","1","2","2"
"19","LR",0,"3",1,0.534,"1","1",1,0.75,"1","1","2","2"
"19","LR",1,"3",1,0.534,"1","1",1,0.75,"1","1","2","2"
"19","LR",1,"3",1,0.534,"1","1",1,0.75,"1","1","2","2"
"19","LR",1,"3",1,0.534,"1","1",1,0.75,"1","1","2","2"
"20","FB",0,"11",0.516,0.046,"4","2",0.5,0,"2","4","3","3"
"20","FB",0,"11",0.516,0.046,"4","2",0.5,0,"2","4","3","3"
"20","FB",1,"11",0.516,0.046,"4","2",0.5,0,"2","4","3","3"
"20","FB",1,"11",0.516,0.046,"4","2",0.5,0,"2","4","3","3"
"20","LR",0,"11",0.516,0.046,"4","2",0.5,0,"2","4","3","3"
"20","LR",0,"11",0.516,0.046,"4","2",0.5,0,"2","4","3","3"
"20","LR",0,"11",0.516,0.046,"4","2",0.5,0,"2","4","3","3"
"20","LR",0,"11",0.516,0.046,"4","2",0.5,0,"2","4","3","3"
"21","FB",0,"23",0.034,0.586,"2","3",0,0.5,"4","2","5","4"
"21","FB",0,"23",0.034,0.586,"2","3",0,0.5,"4","2","5","4"
"21","FB",0,"23",0.034,0.586,"2","3",0,0.5,"4","2","5","4"
"21","FB",0,"23",0.034,0.586,"2","3",0,0.5,"4","2","5","4"
"21","LR",0,"23",0.034,0.586,"2","3",0,0.5,"4","2","5","4"
"21","LR",0,"23",0.034,0.586,"2","3",0,0.5,"4","2","5","4"
"21","LR",1,"23",0.034,0.586,"2","3",0,0.5,"4","2","5","4"
"21","LR",1,"23",0.034,0.586,"2","3",0,0.5,"4","2","5","4"
"22","FB",0,"23",0,0.599,"2","3",0,0.5,"4","2","5","4"
"22","FB",0,"23",0,0.599,"2","3",0,0.5,"4","2","5","4"
"22","FB",0,"23",0,0.599,"2","3",0,0.5,"4","2","5","4"
"22","FB",0,"23",0,0.599,"2","3",0,0.5,"4","2","5","4"
"22","LR",0,"23",0,0.599,"2","3",0,0.5,"4","2","5","4"
"22","LR",0,"23",0,0.599,"2","3",0,0.5,"4","2","5","4"
"22","LR",1,"23",0,0.599,"2","3",0,0.5,"4","2","5","4"
"22","LR",1,"23",0,0.599,"2","3",0,0.5,"4","2","5","4"
"23","FB",0,"11",0.579,0,"4","2",0.25,0,"2","4","3","3"
"23","FB",0,"11",0.579,0,"4","2",0.25,0,"2","4","3","3"
"23","FB",0,"11",0.579,0,"4","2",0.25,0,"2","4","3","3"
"23","FB",1,"11",0.579,0,"4","2",0.25,0,"2","4","3","3"
"23","LR",0,"11",0.579,0,"4","2",0.25,0,"2","4","3","3"
"23","LR",0,"11",0.579,0,"4","2",0.25,0,"2","4","3","3"
"23","LR",0,"11",0.579,0,"4","2",0.25,0,"2","4","3","3"
"23","LR",0,"11",0.579,0,"4","2",0.25,0,"2","4","3","3"
"24","FB",1,"3",1,0.377,"1","1",1,0.25,"1","1","2","2"
"24","FB",1,"3",1,0.377,"1","1",1,0.25,"1","1","2","2"
"24","FB",1,"3",1,0.377,"1","1",1,0.25,"1","1","2","2"
"24","FB",1,"3",1,0.377,"1","1",1,0.25,"1","1","2","2"
"24","LR",0,"3",1,0.377,"1","1",1,0.25,"1","1","2","2"
"24","LR",0,"3",1,0.377,"1","1",1,0.25,"1","1","2","2"
"24","LR",0,"3",1,0.377,"1","1",1,0.25,"1","1","2","2"
"24","LR",1,"3",1,0.377,"1","1",1,0.25,"1","1","2","2"
"25","FB",0,"11",0.526,0.012,"4","2",0.25,0,"2","4","3","3"
"25","FB",0,"11",0.526,0.012,"4","2",0.25,0,"2","4","3","3"
"25","FB",0,"11",0.526,0.012,"4","2",0.25,0,"2","4","3","3"
"25","FB",1,"11",0.526,0.012,"4","2",0.25,0,"2","4","3","3"
"25","LR",0,"11",0.526,0.012,"4","2",0.25,0,"2","4","3","3"
"25","LR",0,"11",0.526,0.012,"4","2",0.25,0,"2","4","3","3"
"25","LR",0,"11",0.526,0.012,"4","2",0.25,0,"2","4","3","3"
"25","LR",0,"11",0.526,0.012,"4","2",0.25,0,"2","4","3","3"
"26","FB",0,"23",0.028,0.497,"2","3",0,0.75,"4","2","5","4"
"26","FB",0,"23",0.028,0.497,"2","3",0,0.75,"4","2","5","4"
"26","FB",0,"23",0.028,0.497,"2","3",0,0.75,"4","2","5","4"
"26","FB",0,"23",0.028,0.497,"2","3",0,0.75,"4","2","5","4"
"26","LR",0,"23",0.028,0.497,"2","3",0,0.75,"4","2","5","4"
"26","LR",1,"23",0.028,0.497,"2","3",0,0.75,"4","2","5","4"
"26","LR",1,"23",0.028,0.497,"2","3",0,0.75,"4","2","5","4"
"26","LR",1,"23",0.028,0.497,"2","3",0,0.75,"4","2","5","4"
"27","FB",0,"15",0.459,1,"3","4",0.5,1,"3","3","4","1"
"27","FB",0,"15",0.459,1,"3","4",0.5,1,"3","3","4","1"
"27","FB",1,"15",0.459,1,"3","4",0.5,1,"3","3","4","1"
"27","FB",1,"15",0.459,1,"3","4",0.5,1,"3","3","4","1"
"27","LR",1,"15",0.459,1,"3","4",0.5,1,"3","3","4","1"
"27","LR",1,"15",0.459,1,"3","4",0.5,1,"3","3","4","1"
"27","LR",1,"15",0.459,1,"3","4",0.5,1,"3","3","4","1"
"27","LR",1,"15",0.459,1,"3","4",0.5,1,"3","3","4","1"
"28","FB",1,"3",1,0.465,"1","1",1,0.5,"1","1","2","2"
"28","FB",1,"3",1,0.465,"1","1",1,0.5,"1","1","2","2"
"28","FB",1,"3",1,0.465,"1","1",1,0.5,"1","1","2","2"
"28","FB",1,"3",1,0.465,"1","1",1,0.5,"1","1","2","2"
"28","LR",0,"3",1,0.465,"1","1",1,0.5,"1","1","2","2"
"28","LR",0,"3",1,0.465,"1","1",1,0.5,"1","1","2","2"
"28","LR",1,"3",1,0.465,"1","1",1,0.5,"1","1","2","2"
"28","LR",1,"3",1,0.465,"1","1",1,0.5,"1","1","2","2"
"29","FB",0,"11",0.463,0.06,"1","1",0.75,0.25,"1","1","6","2"
"29","FB",1,"11",0.463,0.06,"1","1",0.75,0.25,"1","1","6","2"
"29","FB",1,"11",0.463,0.06,"1","1",0.75,0.25,"1","1","6","2"
"29","FB",1,"11",0.463,0.06,"1","1",0.75,0.25,"1","1","6","2"
"29","LR",0,"11",0.463,0.06,"1","1",0.75,0.25,"1","1","6","2"
"29","LR",0,"11",0.463,0.06,"1","1",0.75,0.25,"1","1","6","2"
"29","LR",0,"11",0.463,0.06,"1","1",0.75,0.25,"1","1","6","2"
"29","LR",1,"11",0.463,0.06,"1","1",0.75,0.25,"1","1","6","2"
"30","FB",0,"11",0.497,0.057,"4","2",0.5,0,"2","4","3","3"
"30","FB",0,"11",0.497,0.057,"4","2",0.5,0,"2","4","3","3"
"30","FB",1,"11",0.497,0.057,"4","2",0.5,0,"2","4","3","3"
"30","FB",1,"11",0.497,0.057,"4","2",0.5,0,"2","4","3","3"
"30","LR",0,"11",0.497,0.057,"4","2",0.5,0,"2","4","3","3"
"30","LR",0,"11",0.497,0.057,"4","2",0.5,0,"2","4","3","3"
"30","LR",0,"11",0.497,0.057,"4","2",0.5,0,"2","4","3","3"
"30","LR",0,"11",0.497,0.057,"4","2",0.5,0,"2","4","3","3"
"31","FB",1,"3",1,0.406,"1","1",1,0.25,"1","1","2","2"
"31","FB",1,"3",1,0.406,"1","1",1,0.25,"1","1","2","2"
"31","FB",1,"3",1,0.406,"1","1",1,0.25,"1","1","2","2"
"31","FB",1,"3",1,0.406,"1","1",1,0.25,"1","1","2","2"
"31","LR",0,"3",1,0.406,"1","1",1,0.25,"1","1","2","2"
"31","LR",0,"3",1,0.406,"1","1",1,0.25,"1","1","2","2"
"31","LR",0,"3",1,0.406,"1","1",1,0.25,"1","1","2","2"
"31","LR",1,"3",1,0.406,"1","1",1,0.25,"1","1","2","2"
"32","FB",0,"23",0,0.483,"2","3",0,0.75,"4","2","5","4"
"32","FB",0,"23",0,0.483,"2","3",0,0.75,"4","2","5","4"
"32","FB",0,"23",0,0.483,"2","3",0,0.75,"4","2","5","4"
"32","FB",0,"23",0,0.483,"2","3",0,0.75,"4","2","5","4"
"32","LR",0,"23",0,0.483,"2","3",0,0.75,"4","2","5","4"
"32","LR",1,"23",0,0.483,"2","3",0,0.75,"4","2","5","4"
"32","LR",1,"23",0,0.483,"2","3",0,0.75,"4","2","5","4"
"32","LR",1,"23",0,0.483,"2","3",0,0.75,"4","2","5","4"
"33","FB",1,"3",1,0.519,"1","1",1,0.25,"1","1","2","2"
"33","FB",1,"3",1,0.519,"1","1",1,0.25,"1","1","2","2"
"33","FB",1,"3",1,0.519,"1","1",1,0.25,"1","1","2","2"
"33","FB",1,"3",1,0.519,"1","1",1,0.25,"1","1","2","2"
"33","LR",0,"3",1,0.519,"1","1",1,0.25,"1","1","2","2"
"33","LR",0,"3",1,0.519,"1","1",1,0.25,"1","1","2","2"
"33","LR",0,"3",1,0.519,"1","1",1,0.25,"1","1","2","2"
"33","LR",1,"3",1,0.519,"1","1",1,0.25,"1","1","2","2"
"34","FB",0,"15",0.44,1,"3","4",0.25,1,"3","3","4","1"
"34","FB",0,"15",0.44,1,"3","4",0.25,1,"3","3","4","1"
"34","FB",0,"15",0.44,1,"3","4",0.25,1,"3","3","4","1"
"34","FB",1,"15",0.44,1,"3","4",0.25,1,"3","3","4","1"
"34","LR",1,"15",0.44,1,"3","4",0.25,1,"3","3","4","1"
"34","LR",1,"15",0.44,1,"3","4",0.25,1,"3","3","4","1"
"34","LR",1,"15",0.44,1,"3","4",0.25,1,"3","3","4","1"
"34","LR",1,"15",0.44,1,"3","4",0.25,1,"3","3","4","1"
"35","FB",0,"23",0,0.484,"2","3",0,0.5,"4","2","5","4"
"35","FB",0,"23",0,0.484,"2","3",0,0.5,"4","2","5","4"
"35","FB",0,"23",0,0.484,"2","3",0,0.5,"4","2","5","4"
"35","FB",0,"23",0,0.484,"2","3",0,0.5,"4","2","5","4"
"35","LR",0,"23",0,0.484,"2","3",0,0.5,"4","2","5","4"
"35","LR",0,"23",0,0.484,"2","3",0,0.5,"4","2","5","4"
"35","LR",1,"23",0,0.484,"2","3",0,0.5,"4","2","5","4"
"35","LR",1,"23",0,0.484,"2","3",0,0.5,"4","2","5","4"
"36","FB",0,"11",0.515,0,"4","2",0.25,0,"2","4","3","3"
"36","FB",0,"11",0.515,0,"4","2",0.25,0,"2","4","3","3"
"36","FB",0,"11",0.515,0,"4","2",0.25,0,"2","4","3","3"
"36","FB",1,"11",0.515,0,"4","2",0.25,0,"2","4","3","3"
"36","LR",0,"11",0.515,0,"4","2",0.25,0,"2","4","3","3"
"36","LR",0,"11",0.515,0,"4","2",0.25,0,"2","4","3","3"
"36","LR",0,"11",0.515,0,"4","2",0.25,0,"2","4","3","3"
"36","LR",0,"11",0.515,0,"4","2",0.25,0,"2","4","3","3"
"37","FB",0,"15",0.57,0.948,"3","4",0.75,1,"5","3","1","1"
"37","FB",1,"15",0.57,0.948,"3","4",0.75,1,"5","3","1","1"
"37","FB",1,"15",0.57,0.948,"3","4",0.75,1,"5","3","1","1"
"37","FB",1,"15",0.57,0.948,"3","4",0.75,1,"5","3","1","1"
"37","LR",1,"15",0.57,0.948,"3","4",0.75,1,"5","3","1","1"
"37","LR",1,"15",0.57,0.948,"3","4",0.75,1,"5","3","1","1"
"37","LR",1,"15",0.57,0.948,"3","4",0.75,1,"5","3","1","1"
"37","LR",1,"15",0.57,0.948,"3","4",0.75,1,"5","3","1","1"
"38","FB",0,"15",0.503,1,"3","4",0.25,1,"3","3","4","1"
"38","FB",0,"15",0.503,1,"3","4",0.25,1,"3","3","4","1"
"38","FB",0,"15",0.503,1,"3","4",0.25,1,"3","3","4","1"
"38","FB",1,"15",0.503,1,"3","4",0.25,1,"3","3","4","1"
"38","LR",1,"15",0.503,1,"3","4",0.25,1,"3","3","4","1"
"38","LR",1,"15",0.503,1,"3","4",0.25,1,"3","3","4","1"
"38","LR",1,"15",0.503,1,"3","4",0.25,1,"3","3","4","1"
"38","LR",1,"15",0.503,1,"3","4",0.25,1,"3","3","4","1"
"39","FB",1,"15",0.556,1,"3","4",1,1,"5","1","2","1"
"39","FB",1,"15",0.556,1,"3","4",1,1,"5","1","2","1"
"39","FB",1,"15",0.556,1,"3","4",1,1,"5","1","2","1"
"39","FB",1,"15",0.556,1,"3","4",1,1,"5","1","2","1"
"39","LR",1,"15",0.556,1,"3","4",1,1,"5","1","2","1"
"39","LR",1,"15",0.556,1,"3","4",1,1,"5","1","2","1"
"39","LR",1,"15",0.556,1,"3","4",1,1,"5","1","2","1"
"39","LR",1,"15",0.556,1,"3","4",1,1,"5","1","2","1"
"40","FB",0,"11",0.485,0.033,"4","2",0.25,0,"2","4","3","3"
"40","FB",0,"11",0.485,0.033,"4","2",0.25,0,"2","4","3","3"
"40","FB",0,"11",0.485,0.033,"4","2",0.25,0,"2","4","3","3"
"40","FB",1,"11",0.485,0.033,"4","2",0.25,0,"2","4","3","3"
"40","LR",0,"11",0.485,0.033,"4","2",0.25,0,"2","4","3","3"
"40","LR",0,"11",0.485,0.033,"4","2",0.25,0,"2","4","3","3"
"40","LR",0,"11",0.485,0.033,"4","2",0.25,0,"2","4","3","3"
"40","LR",0,"11",0.485,0.033,"4","2",0.25,0,"2","4","3","3"
"41","FB",0,"23",0,0.501,"2","3",0,0.25,"4","2","5","4"
"41","FB",0,"23",0,0.501,"2","3",0,0.25,"4","2","5","4"
"41","FB",0,"23",0,0.501,"2","3",0,0.25,"4","2","5","4"
"41","FB",0,"23",0,0.501,"2","3",0,0.25,"4","2","5","4"
"41","LR",0,"23",0,0.501,"2","3",0,0.25,"4","2","5","4"
"41","LR",0,"23",0,0.501,"2","3",0,0.25,"4","2","5","4"
"41","LR",0,"23",0,0.501,"2","3",0,0.25,"4","2","5","4"
"41","LR",1,"23",0,0.501,"2","3",0,0.25,"4","2","5","4"
"42","FB",0,"23",0,0.547,"2","3",0,0.25,"4","2","5","4"
"42","FB",0,"23",0,0.547,"2","3",0,0.25,"4","2","5","4"
"42","FB",0,"23",0,0.547,"2","3",0,0.25,"4","2","5","4"
"42","FB",0,"23",0,0.547,"2","3",0,0.25,"4","2","5","4"
"42","LR",0,"23",0,0.547,"2","3",0,0.25,"4","2","5","4"
"42","LR",0,"23",0,0.547,"2","3",0,0.25,"4","2","5","4"
"42","LR",0,"23",0,0.547,"2","3",0,0.25,"4","2","5","4"
"42","LR",1,"23",0,0.547,"2","3",0,0.25,"4","2","5","4"
"43","FB",0,"23",0.065,0.577,"2","3",0,0.75,"4","2","5","4"
"43","FB",0,"23",0.065,0.577,"2","3",0,0.75,"4","2","5","4"
"43","FB",0,"23",0.065,0.577,"2","3",0,0.75,"4","2","5","4"
"43","FB",0,"23",0.065,0.577,"2","3",0,0.75,"4","2","5","4"
"43","LR",0,"23",0.065,0.577,"2","3",0,0.75,"4","2","5","4"
"43","LR",1,"23",0.065,0.577,"2","3",0,0.75,"4","2","5","4"
"43","LR",1,"23",0.065,0.577,"2","3",0,0.75,"4","2","5","4"
"43","LR",1,"23",0.065,0.577,"2","3",0,0.75,"4","2","5","4"
"44","FB",1,"3",0.923,0.463,"1","1",1,0.5,"1","1","2","2"
"44","FB",1,"3",0.923,0.463,"1","1",1,0.5,"1","1","2","2"
"44","FB",1,"3",0.923,0.463,"1","1",1,0.5,"1","1","2","2"
"44","FB",1,"3",0.923,0.463,"1","1",1,0.5,"1","1","2","2"
"44","LR",0,"3",0.923,0.463,"1","1",1,0.5,"1","1","2","2"
"44","LR",0,"3",0.923,0.463,"1","1",1,0.5,"1","1","2","2"
"44","LR",1,"3",0.923,0.463,"1","1",1,0.5,"1","1","2","2"
"44","LR",1,"3",0.923,0.463,"1","1",1,0.5,"1","1","2","2"
"45","FB",0,"23",0.05,0.483,"2","3",0,0.25,"4","2","5","4"
"45","FB",0,"23",0.05,0.483,"2","3",0,0.25,"4","2","5","4"
"45","FB",0,"23",0.05,0.483,"2","3",0,0.25,"4","2","5","4"
"45","FB",0,"23",0.05,0.483,"2","3",0,0.25,"4","2","5","4"
"45","LR",0,"23",0.05,0.483,"2","3",0,0.25,"4","2","5","4"
"45","LR",0,"23",0.05,0.483,"2","3",0,0.25,"4","2","5","4"
"45","LR",0,"23",0.05,0.483,"2","3",0,0.25,"4","2","5","4"
"45","LR",1,"23",0.05,0.483,"2","3",0,0.25,"4","2","5","4"
"46","FB",0,"3",0.92,0.464,"1","1",0.75,0.5,"1","1","6","2"
"46","FB",1,"3",0.92,0.464,"1","1",0.75,0.5,"1","1","6","2"
"46","FB",1,"3",0.92,0.464,"1","1",0.75,0.5,"1","1","6","2"
"46","FB",1,"3",0.92,0.464,"1","1",0.75,0.5,"1","1","6","2"
"46","LR",0,"3",0.92,0.464,"1","1",0.75,0.5,"1","1","6","2"
"46","LR",0,"3",0.92,0.464,"1","1",0.75,0.5,"1","1","6","2"
"46","LR",1,"3",0.92,0.464,"1","1",0.75,0.5,"1","1","6","2"
"46","LR",1,"3",0.92,0.464,"1","1",0.75,0.5,"1","1","6","2"
"47","FB",0,"15",0.493,1,"3","4",0.75,1,"5","3","1","1"
"47","FB",1,"15",0.493,1,"3","4",0.75,1,"5","3","1","1"
"47","FB",1,"15",0.493,1,"3","4",0.75,1,"5","3","1","1"
"47","FB",1,"15",0.493,1,"3","4",0.75,1,"5","3","1","1"
"47","LR",1,"15",0.493,1,"3","4",0.75,1,"5","3","1","1"
"47","LR",1,"15",0.493,1,"3","4",0.75,1,"5","3","1","1"
"47","LR",1,"15",0.493,1,"3","4",0.75,1,"5","3","1","1"
"47","LR",1,"15",0.493,1,"3","4",0.75,1,"5","3","1","1"
"48","FB",1,"3",1,0.418,"1","1",1,0.5,"1","1","2","2"
"48","FB",1,"3",1,0.418,"1","1",1,0.5,"1","1","2","2"
"48","FB",1,"3",1,0.418,"1","1",1,0.5,"1","1","2","2"
"48","FB",1,"3",1,0.418,"1","1",1,0.5,"1","1","2","2"
"48","LR",0,"3",1,0.418,"1","1",1,0.5,"1","1","2","2"
"48","LR",0,"3",1,0.418,"1","1",1,0.5,"1","1","2","2"
"48","LR",1,"3",1,0.418,"1","1",1,0.5,"1","1","2","2"
"48","LR",1,"3",1,0.418,"1","1",1,0.5,"1","1","2","2"
"49","FB",1,"11",0.498,0,"1","1",1,0,"6","1","2","3"
"49","FB",1,"11",0.498,0,"1","1",1,0,"6","1","2","3"
"49","FB",1,"11",0.498,0,"1","1",1,0,"6","1","2","3"
"49","FB",1,"11",0.498,0,"1","1",1,0,"6","1","2","3"
"49","LR",0,"11",0.498,0,"1","1",1,0,"6","1","2","3"
"49","LR",0,"11",0.498,0,"1","1",1,0,"6","1","2","3"
"49","LR",0,"11",0.498,0,"1","1",1,0,"6","1","2","3"
"49","LR",0,"11",0.498,0,"1","1",1,0,"6","1","2","3"
"50","FB",0,"23",0.073,0.418,"2","3",0,0.25,"4","2","5","4"
"50","FB",0,"23",0.073,0.418,"2","3",0,0.25,"4","2","5","4"
"50","FB",0,"23",0.073,0.418,"2","3",0,0.25,"4","2","5","4"
"50","FB",0,"23",0.073,0.418,"2","3",0,0.25,"4","2","5","4"
"50","LR",0,"23",0.073,0.418,"2","3",0,0.25,"4","2","5","4"
"50","LR",0,"23",0.073,0.418,"2","3",0,0.25,"4","2","5","4"
"50","LR",0,"23",0.073,0.418,"2","3",0,0.25,"4","2","5","4"
"50","LR",1,"23",0.073,0.418,"2","3",0,0.25,"4","2","5","4"
"51","FB",0,"11",0.458,0,"4","2",0.25,0,"2","4","3","3"
"51","FB",0,"11",0.458,0,"4","2",0.25,0,"2","4","3","3"
"51","FB",0,"11",0.458,0,"4","2",0.25,0,"2","4","3","3"
"51","FB",1,"11",0.458,0,"4","2",0.25,0,"2","4","3","3"
"51","LR",0,"11",0.458,0,"4","2",0.25,0,"2","4","3","3"
"51","LR",0,"11",0.458,0,"4","2",0.25,0,"2","4","3","3"
"51","LR",0,"11",0.458,0,"4","2",0.25,0,"2","4","3","3"
"51","LR",0,"11",0.458,0,"4","2",0.25,0,"2","4","3","3"
"52","FB",0,"11",0.569,0,"4","2",0.75,0,"6","4","6","3"
"52","FB",1,"11",0.569,0,"4","2",0.75,0,"6","4","6","3"
"52","FB",1,"11",0.569,0,"4","2",0.75,0,"6","4","6","3"
"52","FB",1,"11",0.569,0,"4","2",0.75,0,"6","4","6","3"
"52","LR",0,"11",0.569,0,"4","2",0.75,0,"6","4","6","3"
"52","LR",0,"11",0.569,0,"4","2",0.75,0,"6","4","6","3"
"52","LR",0,"11",0.569,0,"4","2",0.75,0,"6","4","6","3"
"52","LR",0,"11",0.569,0,"4","2",0.75,0,"6","4","6","3"
"53","FB",0,"11",0.505,0.027,"4","2",0.25,0,"2","4","3","3"
"53","FB",0,"11",0.505,0.027,"4","2",0.25,0,"2","4","3","3"
"53","FB",0,"11",0.505,0.027,"4","2",0.25,0,"2","4","3","3"
"53","FB",1,"11",0.505,0.027,"4","2",0.25,0,"2","4","3","3"
"53","LR",0,"11",0.505,0.027,"4","2",0.25,0,"2","4","3","3"
"53","LR",0,"11",0.505,0.027,"4","2",0.25,0,"2","4","3","3"
"53","LR",0,"11",0.505,0.027,"4","2",0.25,0,"2","4","3","3"
"53","LR",0,"11",0.505,0.027,"4","2",0.25,0,"2","4","3","3"
"54","FB",1,"3",1,0.602,"1","1",1,0.5,"1","1","2","2"
"54","FB",1,"3",1,0.602,"1","1",1,0.5,"1","1","2","2"
"54","FB",1,"3",1,0.602,"1","1",1,0.5,"1","1","2","2"
"54","FB",1,"3",1,0.602,"1","1",1,0.5,"1","1","2","2"
"54","LR",0,"3",1,0.602,"1","1",1,0.5,"1","1","2","2"
"54","LR",0,"3",1,0.602,"1","1",1,0.5,"1","1","2","2"
"54","LR",1,"3",1,0.602,"1","1",1,0.5,"1","1","2","2"
"54","LR",1,"3",1,0.602,"1","1",1,0.5,"1","1","2","2"
"55","FB",0,"11",0.496,0,"4","2",0.5,0,"2","4","3","3"
"55","FB",0,"11",0.496,0,"4","2",0.5,0,"2","4","3","3"
"55","FB",1,"11",0.496,0,"4","2",0.5,0,"2","4","3","3"
"55","FB",1,"11",0.496,0,"4","2",0.5,0,"2","4","3","3"
"55","LR",0,"11",0.496,0,"4","2",0.5,0,"2","4","3","3"
"55","LR",0,"11",0.496,0,"4","2",0.5,0,"2","4","3","3"
"55","LR",0,"11",0.496,0,"4","2",0.5,0,"2","4","3","3"
"55","LR",0,"11",0.496,0,"4","2",0.5,0,"2","4","3","3"
"56","FB",0,"11",0.563,0.002,"4","2",0.75,0,"6","4","6","3"
"56","FB",1,"11",0.563,0.002,"4","2",0.75,0,"6","4","6","3"
"56","FB",1,"11",0.563,0.002,"4","2",0.75,0,"6","4","6","3"
"56","FB",1,"11",0.563,0.002,"4","2",0.75,0,"6","4","6","3"
"56","LR",0,"11",0.563,0.002,"4","2",0.75,0,"6","4","6","3"
"56","LR",0,"11",0.563,0.002,"4","2",0.75,0,"6","4","6","3"
"56","LR",0,"11",0.563,0.002,"4","2",0.75,0,"6","4","6","3"
"56","LR",0,"11",0.563,0.002,"4","2",0.75,0,"6","4","6","3"
"57","FB",0,"23",0,0.494,"2","3",0,0.5,"4","2","5","4"
"57","FB",0,"23",0,0.494,"2","3",0,0.5,"4","2","5","4"
"57","FB",0,"23",0,0.494,"2","3",0,0.5,"4","2","5","4"
"57","FB",0,"23",0,0.494,"2","3",0,0.5,"4","2","5","4"
"57","LR",0,"23",0,0.494,"2","3",0,0.5,"4","2","5","4"
"57","LR",0,"23",0,0.494,"2","3",0,0.5,"4","2","5","4"
"57","LR",1,"23",0,0.494,"2","3",0,0.5,"4","2","5","4"
"57","LR",1,"23",0,0.494,"2","3",0,0.5,"4","2","5","4"
"58","FB",0,"11",0.457,0,"4","2",0.25,0,"2","4","3","3"
"58","FB",0,"11",0.457,0,"4","2",0.25,0,"2","4","3","3"
"58","FB",0,"11",0.457,0,"4","2",0.25,0,"2","4","3","3"
"58","FB",1,"11",0.457,0,"4","2",0.25,0,"2","4","3","3"
"58","LR",0,"11",0.457,0,"4","2",0.25,0,"2","4","3","3"
"58","LR",0,"11",0.457,0,"4","2",0.25,0,"2","4","3","3"
"58","LR",0,"11",0.457,0,"4","2",0.25,0,"2","4","3","3"
"58","LR",0,"11",0.457,0,"4","2",0.25,0,"2","4","3","3"
"59","FB",1,"3",1,0.485,"1","1",1,0.5,"1","1","2","2"
"59","FB",1,"3",1,0.485,"1","1",1,0.5,"1","1","2","2"
"59","FB",1,"3",1,0.485,"1","1",1,0.5,"1","1","2","2"
"59","FB",1,"3",1,0.485,"1","1",1,0.5,"1","1","2","2"
"59","LR",0,"3",1,0.485,"1","1",1,0.5,"1","1","2","2"
"59","LR",0,"3",1,0.485,"1","1",1,0.5,"1","1","2","2"
"59","LR",1,"3",1,0.485,"1","1",1,0.5,"1","1","2","2"
"59","LR",1,"3",1,0.485,"1","1",1,0.5,"1","1","2","2"
"60","FB",1,"3",1,0.508,"1","1",1,0.5,"1","1","2","2"
"60","FB",1,"3",1,0.508,"1","1",1,0.5,"1","1","2","2"
"60","FB",1,"3",1,0.508,"1","1",1,0.5,"1","1","2","2"
"60","FB",1,"3",1,0.508,"1","1",1,0.5,"1","1","2","2"
"60","LR",0,"3",1,0.508,"1","1",1,0.5,"1","1","2","2"
"60","LR",0,"3",1,0.508,"1","1",1,0.5,"1","1","2","2"
"60","LR",1,"3",1,0.508,"1","1",1,0.5,"1","1","2","2"
"60","LR",1,"3",1,0.508,"1","1",1,0.5,"1","1","2","2"
"61","FB",0,"11",0.483,0.006,"4","2",0.25,0,"2","4","3","3"
"61","FB",0,"11",0.483,0.006,"4","2",0.25,0,"2","4","3","3"
"61","FB",0,"11",0.483,0.006,"4","2",0.25,0,"2","4","3","3"
"61","FB",1,"11",0.483,0.006,"4","2",0.25,0,"2","4","3","3"
"61","LR",0,"11",0.483,0.006,"4","2",0.25,0,"2","4","3","3"
"61","LR",0,"11",0.483,0.006,"4","2",0.25,0,"2","4","3","3"
"61","LR",0,"11",0.483,0.006,"4","2",0.25,0,"2","4","3","3"
"61","LR",0,"11",0.483,0.006,"4","2",0.25,0,"2","4","3","3"
"62","FB",0,"11",0.608,0.006,"4","2",0.75,0,"6","4","6","3"
"62","FB",1,"11",0.608,0.006,"4","2",0.75,0,"6","4","6","3"
"62","FB",1,"11",0.608,0.006,"4","2",0.75,0,"6","4","6","3"
"62","FB",1,"11",0.608,0.006,"4","2",0.75,0,"6","4","6","3"
"62","LR",0,"11",0.608,0.006,"4","2",0.75,0,"6","4","6","3"
"62","LR",0,"11",0.608,0.006,"4","2",0.75,0,"6","4","6","3"
"62","LR",0,"11",0.608,0.006,"4","2",0.75,0,"6","4","6","3"
"62","LR",0,"11",0.608,0.006,"4","2",0.75,0,"6","4","6","3"
"63","FB",0,"15",0.45,1,"3","4",0.5,1,"3","3","4","1"
"63","FB",0,"15",0.45,1,"3","4",0.5,1,"3","3","4","1"
"63","FB",1,"15",0.45,1,"3","4",0.5,1,"3","3","4","1"
"63","FB",1,"15",0.45,1,"3","4",0.5,1,"3","3","4","1"
"63","LR",1,"15",0.45,1,"3","4",0.5,1,"3","3","4","1"
"63","LR",1,"15",0.45,1,"3","4",0.5,1,"3","3","4","1"
"63","LR",1,"15",0.45,1,"3","4",0.5,1,"3","3","4","1"
"63","LR",1,"15",0.45,1,"3","4",0.5,1,"3","3","4","1"
"64","FB",0,"15",0.606,1,"3","4",0.5,1,"3","3","4","1"
"64","FB",0,"15",0.606,1,"3","4",0.5,1,"3","3","4","1"
"64","FB",1,"15",0.606,1,"3","4",0.5,1,"3","3","4","1"
"64","FB",1,"15",0.606,1,"3","4",0.5,1,"3","3","4","1"
"64","LR",1,"15",0.606,1,"3","4",0.5,1,"3","3","4","1"
"64","LR",1,"15",0.606,1,"3","4",0.5,1,"3","3","4","1"
"64","LR",1,"15",0.606,1,"3","4",0.5,1,"3","3","4","1"
"64","LR",1,"15",0.606,1,"3","4",0.5,1,"3","3","4","1"
"65","FB",0,"11",0.526,0,"4","2",0.5,0,"2","4","3","3"
"65","FB",0,"11",0.526,0,"4","2",0.5,0,"2","4","3","3"
"65","FB",1,"11",0.526,0,"4","2",0.5,0,"2","4","3","3"
"65","FB",1,"11",0.526,0,"4","2",0.5,0,"2","4","3","3"
"65","LR",0,"11",0.526,0,"4","2",0.5,0,"2","4","3","3"
"65","LR",0,"11",0.526,0,"4","2",0.5,0,"2","4","3","3"
"65","LR",0,"11",0.526,0,"4","2",0.5,0,"2","4","3","3"
"65","LR",0,"11",0.526,0,"4","2",0.5,0,"2","4","3","3"
"66","FB",1,"3",1,0.514,"1","1",1,0.5,"1","1","2","2"
"66","FB",1,"3",1,0.514,"1","1",1,0.5,"1","1","2","2"
"66","FB",1,"3",1,0.514,"1","1",1,0.5,"1","1","2","2"
"66","FB",1,"3",1,0.514,"1","1",1,0.5,"1","1","2","2"
"66","LR",0,"3",1,0.514,"1","1",1,0.5,"1","1","2","2"
"66","LR",0,"3",1,0.514,"1","1",1,0.5,"1","1","2","2"
"66","LR",1,"3",1,0.514,"1","1",1,0.5,"1","1","2","2"
"66","LR",1,"3",1,0.514,"1","1",1,0.5,"1","1","2","2"
"67","FB",0,"15",0.505,0.971,"3","4",0.25,1,"3","3","4","1"
"67","FB",0,"15",0.505,0.971,"3","4",0.25,1,"3","3","4","1"
"67","FB",0,"15",0.505,0.971,"3","4",0.25,1,"3","3","4","1"
"67","FB",1,"15",0.505,0.971,"3","4",0.25,1,"3","3","4","1"
"67","LR",1,"15",0.505,0.971,"3","4",0.25,1,"3","3","4","1"
"67","LR",1,"15",0.505,0.971,"3","4",0.25,1,"3","3","4","1"
"67","LR",1,"15",0.505,0.971,"3","4",0.25,1,"3","3","4","1"
"67","LR",1,"15",0.505,0.971,"3","4",0.25,1,"3","3","4","1"
"68","FB",1,"3",0.977,0.455,"1","1",1,0.5,"1","1","2","2"
"68","FB",1,"3",0.977,0.455,"1","1",1,0.5,"1","1","2","2"
"68","FB",1,"3",0.977,0.455,"1","1",1,0.5,"1","1","2","2"
"68","FB",1,"3",0.977,0.455,"1","1",1,0.5,"1","1","2","2"
"68","LR",0,"3",0.977,0.455,"1","1",1,0.5,"1","1","2","2"
"68","LR",0,"3",0.977,0.455,"1","1",1,0.5,"1","1","2","2"
"68","LR",1,"3",0.977,0.455,"1","1",1,0.5,"1","1","2","2"
"68","LR",1,"3",0.977,0.455,"1","1",1,0.5,"1","1","2","2"
"69","FB",0,"23",0.054,0.526,"2","3",0,0.5,"4","2","5","4"
"69","FB",0,"23",0.054,0.526,"2","3",0,0.5,"4","2","5","4"
"69","FB",0,"23",0.054,0.526,"2","3",0,0.5,"4","2","5","4"
"69","FB",0,"23",0.054,0.526,"2","3",0,0.5,"4","2","5","4"
"69","LR",0,"23",0.054,0.526,"2","3",0,0.5,"4","2","5","4"
"69","LR",0,"23",0.054,0.526,"2","3",0,0.5,"4","2","5","4"
"69","LR",1,"23",0.054,0.526,"2","3",0,0.5,"4","2","5","4"
"69","LR",1,"23",0.054,0.526,"2","3",0,0.5,"4","2","5","4"
"70","FB",0,"15",0.486,1,"3","4",0.75,1,"5","3","1","1"
"70","FB",1,"15",0.486,1,"3","4",0.75,1,"5","3","1","1"
"70","FB",1,"15",0.486,1,"3","4",0.75,1,"5","3","1","1"
"70","FB",1,"15",0.486,1,"3","4",0.75,1,"5","3","1","1"
"70","LR",1,"15",0.486,1,"3","4",0.75,1,"5","3","1","1"
"70","LR",1,"15",0.486,1,"3","4",0.75,1,"5","3","1","1"
"70","LR",1,"15",0.486,1,"3","4",0.75,1,"5","3","1","1"
"70","LR",1,"15",0.486,1,"3","4",0.75,1,"5","3","1","1"
"71","FB",0,"23",0,0.502,"2","3",0,0.5,"4","2","5","4"
"71","FB",0,"23",0,0.502,"2","3",0,0.5,"4","2","5","4"
"71","FB",0,"23",0,0.502,"2","3",0,0.5,"4","2","5","4"
"71","FB",0,"23",0,0.502,"2","3",0,0.5,"4","2","5","4"
"71","LR",0,"23",0,0.502,"2","3",0,0.5,"4","2","5","4"
"71","LR",0,"23",0,0.502,"2","3",0,0.5,"4","2","5","4"
"71","LR",1,"23",0,0.502,"2","3",0,0.5,"4","2","5","4"
"71","LR",1,"23",0,0.502,"2","3",0,0.5,"4","2","5","4"
"72","FB",0,"11",0.535,0.028,"4","2",0.5,0,"2","4","3","3"
"72","FB",0,"11",0.535,0.028,"4","2",0.5,0,"2","4","3","3"
"72","FB",1,"11",0.535,0.028,"4","2",0.5,0,"2","4","3","3"
"72","FB",1,"11",0.535,0.028,"4","2",0.5,0,"2","4","3","3"
"72","LR",0,"11",0.535,0.028,"4","2",0.5,0,"2","4","3","3"
"72","LR",0,"11",0.535,0.028,"4","2",0.5,0,"2","4","3","3"
"72","LR",0,"11",0.535,0.028,"4","2",0.5,0,"2","4","3","3"
"72","LR",0,"11",0.535,0.028,"4","2",0.5,0,"2","4","3","3"
"73","FB",1,"3",0.959,0.498,"1","1",1,0.5,"1","1","2","2"
"73","FB",1,"3",0.959,0.498,"1","1",1,0.5,"1","1","2","2"
"73","FB",1,"3",0.959,0.498,"1","1",1,0.5,"1","1","2","2"
"73","FB",1,"3",0.959,0.498,"1","1",1,0.5,"1","1","2","2"
"73","LR",0,"3",0.959,0.498,"1","1",1,0.5,"1","1","2","2"
"73","LR",0,"3",0.959,0.498,"1","1",1,0.5,"1","1","2","2"
"73","LR",1,"3",0.959,0.498,"1","1",1,0.5,"1","1","2","2"
"73","LR",1,"3",0.959,0.498,"1","1",1,0.5,"1","1","2","2"
"74","FB",0,"23",0,0.484,"2","3",0,0.5,"4","2","5","4"
"74","FB",0,"23",0,0.484,"2","3",0,0.5,"4","2","5","4"
"74","FB",0,"23",0,0.484,"2","3",0,0.5,"4","2","5","4"
"74","FB",0,"23",0,0.484,"2","3",0,0.5,"4","2","5","4"
"74","LR",0,"23",0,0.484,"2","3",0,0.5,"4","2","5","4"
"74","LR",0,"23",0,0.484,"2","3",0,0.5,"4","2","5","4"
"74","LR",1,"23",0,0.484,"2","3",0,0.5,"4","2","5","4"
"74","LR",1,"23",0,0.484,"2","3",0,0.5,"4","2","5","4"
"75","FB",1,"3",1,0.529,"1","1",1,0,"6","1","2","3"
"75","FB",1,"3",1,0.529,"1","1",1,0,"6","1","2","3"
"75","FB",1,"3",1,0.529,"1","1",1,0,"6","1","2","3"
"75","FB",1,"3",1,0.529,"1","1",1,0,"6","1","2","3"
"75","LR",0,"3",1,0.529,"1","1",1,0,"6","1","2","3"
"75","LR",0,"3",1,0.529,"1","1",1,0,"6","1","2","3"
"75","LR",0,"3",1,0.529,"1","1",1,0,"6","1","2","3"
"75","LR",0,"3",1,0.529,"1","1",1,0,"6","1","2","3"
"76","FB",0,"23",0.036,0.433,"2","3",0,0.5,"4","2","5","4"
"76","FB",0,"23",0.036,0.433,"2","3",0,0.5,"4","2","5","4"
"76","FB",0,"23",0.036,0.433,"2","3",0,0.5,"4","2","5","4"
"76","FB",0,"23",0.036,0.433,"2","3",0,0.5,"4","2","5","4"
"76","LR",0,"23",0.036,0.433,"2","3",0,0.5,"4","2","5","4"
"76","LR",0,"23",0.036,0.433,"2","3",0,0.5,"4","2","5","4"
"76","LR",1,"23",0.036,0.433,"2","3",0,0.5,"4","2","5","4"
"76","LR",1,"23",0.036,0.433,"2","3",0,0.5,"4","2","5","4"
"77","FB",0,"23",0,0.413,"2","3",0,0.25,"4","2","5","4"
"77","FB",0,"23",0,0.413,"2","3",0,0.25,"4","2","5","4"
"77","FB",0,"23",0,0.413,"2","3",0,0.25,"4","2","5","4"
"77","FB",0,"23",0,0.413,"2","3",0,0.25,"4","2","5","4"
"77","LR",0,"23",0,0.413,"2","3",0,0.25,"4","2","5","4"
"77","LR",0,"23",0,0.413,"2","3",0,0.25,"4","2","5","4"
"77","LR",0,"23",0,0.413,"2","3",0,0.25,"4","2","5","4"
"77","LR",1,"23",0,0.413,"2","3",0,0.25,"4","2","5","4"
"78","FB",0,"11",0.488,0,"4","2",0.5,0,"2","4","3","3"
"78","FB",0,"11",0.488,0,"4","2",0.5,0,"2","4","3","3"
"78","FB",1,"11",0.488,0,"4","2",0.5,0,"2","4","3","3"
"78","FB",1,"11",0.488,0,"4","2",0.5,0,"2","4","3","3"
"78","LR",0,"11",0.488,0,"4","2",0.5,0,"2","4","3","3"
"78","LR",0,"11",0.488,0,"4","2",0.5,0,"2","4","3","3"
"78","LR",0,"11",0.488,0,"4","2",0.5,0,"2","4","3","3"
"78","LR",0,"11",0.488,0,"4","2",0.5,0,"2","4","3","3"
"79","FB",0,"15",0.496,0.964,"3","4",0.75,1,"5","3","1","1"
"79","FB",1,"15",0.496,0.964,"3","4",0.75,1,"5","3","1","1"
"79","FB",1,"15",0.496,0.964,"3","4",0.75,1,"5","3","1","1"
"79","FB",1,"15",0.496,0.964,"3","4",0.75,1,"5","3","1","1"
"79","LR",1,"15",0.496,0.964,"3","4",0.75,1,"5","3","1","1"
"79","LR",1,"15",0.496,0.964,"3","4",0.75,1,"5","3","1","1"
"79","LR",1,"15",0.496,0.964,"3","4",0.75,1,"5","3","1","1"
"79","LR",1,"15",0.496,0.964,"3","4",0.75,1,"5","3","1","1"
"80","FB",0,"23",0,0.562,"2","3",0,0.25,"4","2","5","4"
"80","FB",0,"23",0,0.562,"2","3",0,0.25,"4","2","5","4"
"80","FB",0,"23",0,0.562,"2","3",0,0.25,"4","2","5","4"
"80","FB",0,"23",0,0.562,"2","3",0,0.25,"4","2","5","4"
"80","LR",0,"23",0,0.562,"2","3",0,0.25,"4","2","5","4"
"80","LR",0,"23",0,0.562,"2","3",0,0.25,"4","2","5","4"
"80","LR",0,"23",0,0.562,"2","3",0,0.25,"4","2","5","4"
"80","LR",1,"23",0,0.562,"2","3",0,0.25,"4","2","5","4"
"81","FB",0,"23",0.054,0.536,"3","4",0.5,0.75,"3","3","4","1"
"81","FB",0,"23",0.054,0.536,"3","4",0.5,0.75,"3","3","4","1"
"81","FB",1,"23",0.054,0.536,"3","4",0.5,0.75,"3","3","4","1"
"81","FB",1,"23",0.054,0.536,"3","4",0.5,0.75,"3","3","4","1"
"81","LR",0,"23",0.054,0.536,"3","4",0.5,0.75,"3","3","4","1"
"81","LR",1,"23",0.054,0.536,"3","4",0.5,0.75,"3","3","4","1"
"81","LR",1,"23",0.054,0.536,"3","4",0.5,0.75,"3","3","4","1"
"81","LR",1,"23",0.054,0.536,"3","4",0.5,0.75,"3","3","4","1"
"82","FB",1,"3",0.977,0.556,"1","1",1,0.25,"1","1","2","2"
"82","FB",1,"3",0.977,0.556,"1","1",1,0.25,"1","1","2","2"
"82","FB",1,"3",0.977,0.556,"1","1",1,0.25,"1","1","2","2"
"82","FB",1,"3",0.977,0.556,"1","1",1,0.25,"1","1","2","2"
"82","LR",0,"3",0.977,0.556,"1","1",1,0.25,"1","1","2","2"
"82","LR",0,"3",0.977,0.556,"1","1",1,0.25,"1","1","2","2"
"82","LR",0,"3",0.977,0.556,"1","1",1,0.25,"1","1","2","2"
"82","LR",1,"3",0.977,0.556,"1","1",1,0.25,"1","1","2","2"
"83","FB",0,"11",0.539,0,"4","2",0.5,0,"2","4","3","3"
"83","FB",0,"11",0.539,0,"4","2",0.5,0,"2","4","3","3"
"83","FB",1,"11",0.539,0,"4","2",0.5,0,"2","4","3","3"
"83","FB",1,"11",0.539,0,"4","2",0.5,0,"2","4","3","3"
"83","LR",0,"11",0.539,0,"4","2",0.5,0,"2","4","3","3"
"83","LR",0,"11",0.539,0,"4","2",0.5,0,"2","4","3","3"
"83","LR",0,"11",0.539,0,"4","2",0.5,0,"2","4","3","3"
"83","LR",0,"11",0.539,0,"4","2",0.5,0,"2","4","3","3"
"84","FB",0,"11",0.461,0.01,"4","2",0,0,"2","2","5","3"
"84","FB",0,"11",0.461,0.01,"4","2",0,0,"2","2","5","3"
"84","FB",0,"11",0.461,0.01,"4","2",0,0,"2","2","5","3"
"84","FB",0,"11",0.461,0.01,"4","2",0,0,"2","2","5","3"
"84","LR",0,"11",0.461,0.01,"4","2",0,0,"2","2","5","3"
"84","LR",0,"11",0.461,0.01,"4","2",0,0,"2","2","5","3"
"84","LR",0,"11",0.461,0.01,"4","2",0,0,"2","2","5","3"
"84","LR",0,"11",0.461,0.01,"4","2",0,0,"2","2","5","3"
"85","FB",0,"11",0.514,0.05,"4","2",0.75,0,"6","4","6","3"
"85","FB",1,"11",0.514,0.05,"4","2",0.75,0,"6","4","6","3"
"85","FB",1,"11",0.514,0.05,"4","2",0.75,0,"6","4","6","3"
"85","FB",1,"11",0.514,0.05,"4","2",0.75,0,"6","4","6","3"
"85","LR",0,"11",0.514,0.05,"4","2",0.75,0,"6","4","6","3"
"85","LR",0,"11",0.514,0.05,"4","2",0.75,0,"6","4","6","3"
"85","LR",0,"11",0.514,0.05,"4","2",0.75,0,"6","4","6","3"
"85","LR",0,"11",0.514,0.05,"4","2",0.75,0,"6","4","6","3"
"86","FB",0,"11",0.564,0,"4","2",0.75,0,"6","4","6","3"
"86","FB",1,"11",0.564,0,"4","2",0.75,0,"6","4","6","3"
"86","FB",1,"11",0.564,0,"4","2",0.75,0,"6","4","6","3"
"86","FB",1,"11",0.564,0,"4","2",0.75,0,"6","4","6","3"
"86","LR",0,"11",0.564,0,"4","2",0.75,0,"6","4","6","3"
"86","LR",0,"11",0.564,0,"4","2",0.75,0,"6","4","6","3"
"86","LR",0,"11",0.564,0,"4","2",0.75,0,"6","4","6","3"
"86","LR",0,"11",0.564,0,"4","2",0.75,0,"6","4","6","3"
"87","FB",0,"23",0.099,0.51,"3","4",0.25,0.75,"3","3","4","4"
"87","FB",0,"23",0.099,0.51,"3","4",0.25,0.75,"3","3","4","4"
"87","FB",0,"23",0.099,0.51,"3","4",0.25,0.75,"3","3","4","4"
"87","FB",1,"23",0.099,0.51,"3","4",0.25,0.75,"3","3","4","4"
"87","LR",0,"23",0.099,0.51,"3","4",0.25,0.75,"3","3","4","4"
"87","LR",1,"23",0.099,0.51,"3","4",0.25,0.75,"3","3","4","4"
"87","LR",1,"23",0.099,0.51,"3","4",0.25,0.75,"3","3","4","4"
"87","LR",1,"23",0.099,0.51,"3","4",0.25,0.75,"3","3","4","4"
"88","FB",0,"11",0.545,0.025,"4","2",0.75,0,"6","4","6","3"
"88","FB",1,"11",0.545,0.025,"4","2",0.75,0,"6","4","6","3"
"88","FB",1,"11",0.545,0.025,"4","2",0.75,0,"6","4","6","3"
"88","FB",1,"11",0.545,0.025,"4","2",0.75,0,"6","4","6","3"
"88","LR",0,"11",0.545,0.025,"4","2",0.75,0,"6","4","6","3"
"88","LR",0,"11",0.545,0.025,"4","2",0.75,0,"6","4","6","3"
"88","LR",0,"11",0.545,0.025,"4","2",0.75,0,"6","4","6","3"
"88","LR",0,"11",0.545,0.025,"4","2",0.75,0,"6","4","6","3"
"89","FB",0,"15",0.384,0.982,"3","4",0.5,1,"3","3","4","1"
"89","FB",0,"15",0.384,0.982,"3","4",0.5,1,"3","3","4","1"
"89","FB",1,"15",0.384,0.982,"3","4",0.5,1,"3","3","4","1"
"89","FB",1,"15",0.384,0.982,"3","4",0.5,1,"3","3","4","1"
"89","LR",1,"15",0.384,0.982,"3","4",0.5,1,"3","3","4","1"
"89","LR",1,"15",0.384,0.982,"3","4",0.5,1,"3","3","4","1"
"89","LR",1,"15",0.384,0.982,"3","4",0.5,1,"3","3","4","1"
"89","LR",1,"15",0.384,0.982,"3","4",0.5,1,"3","3","4","1"
"90","FB",0,"15",0.511,0.962,"3","4",0.5,1,"3","3","4","1"
"90","FB",0,"15",0.511,0.962,"3","4",0.5,1,"3","3","4","1"
"90","FB",1,"15",0.511,0.962,"3","4",0.5,1,"3","3","4","1"
"90","FB",1,"15",0.511,0.962,"3","4",0.5,1,"3","3","4","1"
"90","LR",1,"15",0.511,0.962,"3","4",0.5,1,"3","3","4","1"
"90","LR",1,"15",0.511,0.962,"3","4",0.5,1,"3","3","4","1"
"90","LR",1,"15",0.511,0.962,"3","4",0.5,1,"3","3","4","1"
"90","LR",1,"15",0.511,0.962,"3","4",0.5,1,"3","3","4","1"
"91","FB",0,"15",0.434,1,"3","4",0.25,1,"3","3","4","1"
"91","FB",0,"15",0.434,1,"3","4",0.25,1,"3","3","4","1"
"91","FB",0,"15",0.434,1,"3","4",0.25,1,"3","3","4","1"
"91","FB",1,"15",0.434,1,"3","4",0.25,1,"3","3","4","1"
"91","LR",1,"15",0.434,1,"3","4",0.25,1,"3","3","4","1"
"91","LR",1,"15",0.434,1,"3","4",0.25,1,"3","3","4","1"
"91","LR",1,"15",0.434,1,"3","4",0.25,1,"3","3","4","1"
"91","LR",1,"15",0.434,1,"3","4",0.25,1,"3","3","4","1"
"92","FB",1,"3",1,0.492,"1","1",1,0.5,"1","1","2","2"
"92","FB",1,"3",1,0.492,"1","1",1,0.5,"1","1","2","2"
"92","FB",1,"3",1,0.492,"1","1",1,0.5,"1","1","2","2"
"92","FB",1,"3",1,0.492,"1","1",1,0.5,"1","1","2","2"
"92","LR",0,"3",1,0.492,"1","1",1,0.5,"1","1","2","2"
"92","LR",0,"3",1,0.492,"1","1",1,0.5,"1","1","2","2"
"92","LR",1,"3",1,0.492,"1","1",1,0.5,"1","1","2","2"
"92","LR",1,"3",1,0.492,"1","1",1,0.5,"1","1","2","2"
"93","FB",1,"3",0.979,0.542,"1","1",1,0.25,"1","1","2","2"
"93","FB",1,"3",0.979,0.542,"1","1",1,0.25,"1","1","2","2"
"93","FB",1,"3",0.979,0.542,"1","1",1,0.25,"1","1","2","2"
"93","FB",1,"3",0.979,0.542,"1","1",1,0.25,"1","1","2","2"
"93","LR",0,"3",0.979,0.542,"1","1",1,0.25,"1","1","2","2"
"93","LR",0,"3",0.979,0.542,"1","1",1,0.25,"1","1","2","2"
"93","LR",0,"3",0.979,0.542,"1","1",1,0.25,"1","1","2","2"
"93","LR",1,"3",0.979,0.542,"1","1",1,0.25,"1","1","2","2"
"94","FB",0,"15",0.541,0.975,"3","4",0.75,1,"5","3","1","1"
"94","FB",1,"15",0.541,0.975,"3","4",0.75,1,"5","3","1","1"
"94","FB",1,"15",0.541,0.975,"3","4",0.75,1,"5","3","1","1"
"94","FB",1,"15",0.541,0.975,"3","4",0.75,1,"5","3","1","1"
"94","LR",1,"15",0.541,0.975,"3","4",0.75,1,"5","3","1","1"
"94","LR",1,"15",0.541,0.975,"3","4",0.75,1,"5","3","1","1"
"94","LR",1,"15",0.541,0.975,"3","4",0.75,1,"5","3","1","1"
"94","LR",1,"15",0.541,0.975,"3","4",0.75,1,"5","3","1","1"
"95","FB",0,"15",0.523,1,"3","4",0.75,1,"5","3","1","1"
"95","FB",1,"15",0.523,1,"3","4",0.75,1,"5","3","1","1"
"95","FB",1,"15",0.523,1,"3","4",0.75,1,"5","3","1","1"
"95","FB",1,"15",0.523,1,"3","4",0.75,1,"5","3","1","1"
"95","LR",1,"15",0.523,1,"3","4",0.75,1,"5","3","1","1"
"95","LR",1,"15",0.523,1,"3","4",0.75,1,"5","3","1","1"
"95","LR",1,"15",0.523,1,"3","4",0.75,1,"5","3","1","1"
"95","LR",1,"15",0.523,1,"3","4",0.75,1,"5","3","1","1"
"96","FB",0,"23",0,0.507,"4","2",0,0,"2","2","5","3"
"96","FB",0,"23",0,0.507,"4","2",0,0,"2","2","5","3"
"96","FB",0,"23",0,0.507,"4","2",0,0,"2","2","5","3"
"96","FB",0,"23",0,0.507,"4","2",0,0,"2","2","5","3"
"96","LR",0,"23",0,0.507,"4","2",0,0,"2","2","5","3"
"96","LR",0,"23",0,0.507,"4","2",0,0,"2","2","5","3"
"96","LR",0,"23",0,0.507,"4","2",0,0,"2","2","5","3"
"96","LR",0,"23",0,0.507,"4","2",0,0,"2","2","5","3"
"97","FB",1,"3",1,0.454,"1","1",1,0.25,"1","1","2","2"
"97","FB",1,"3",1,0.454,"1","1",1,0.25,"1","1","2","2"
"97","FB",1,"3",1,0.454,"1","1",1,0.25,"1","1","2","2"
"97","FB",1,"3",1,0.454,"1","1",1,0.25,"1","1","2","2"
"97","LR",0,"3",1,0.454,"1","1",1,0.25,"1","1","2","2"
"97","LR",0,"3",1,0.454,"1","1",1,0.25,"1","1","2","2"
"97","LR",0,"3",1,0.454,"1","1",1,0.25,"1","1","2","2"
"97","LR",1,"3",1,0.454,"1","1",1,0.25,"1","1","2","2"
"98","FB",0,"23",0,0.505,"2","3",0,0.5,"4","2","5","4"
"98","FB",0,"23",0,0.505,"2","3",0,0.5,"4","2","5","4"
"98","FB",0,"23",0,0.505,"2","3",0,0.5,"4","2","5","4"
"98","FB",0,"23",0,0.505,"2","3",0,0.5,"4","2","5","4"
"98","LR",0,"23",0,0.505,"2","3",0,0.5,"4","2","5","4"
"98","LR",0,"23",0,0.505,"2","3",0,0.5,"4","2","5","4"
"98","LR",1,"23",0,0.505,"2","3",0,0.5,"4","2","5","4"
"98","LR",1,"23",0,0.505,"2","3",0,0.5,"4","2","5","4"
"99","FB",0,"15",0.474,1,"3","4",0.5,1,"3","3","4","1"
"99","FB",0,"15",0.474,1,"3","4",0.5,1,"3","3","4","1"
"99","FB",1,"15",0.474,1,"3","4",0.5,1,"3","3","4","1"
"99","FB",1,"15",0.474,1,"3","4",0.5,1,"3","3","4","1"
"99","LR",1,"15",0.474,1,"3","4",0.5,1,"3","3","4","1"
"99","LR",1,"15",0.474,1,"3","4",0.5,1,"3","3","4","1"
"99","LR",1,"15",0.474,1,"3","4",0.5,1,"3","3","4","1"
"99","LR",1,"15",0.474,1,"3","4",0.5,1,"3","3","4","1"
"100","FB",0,"23",0,0.515,"2","3",0,0.25,"4","2","5","4"
"100","FB",0,"23",0,0.515,"2","3",0,0.25,"4","2","5","4"
"100","FB",0,"23",0,0.515,"2","3",0,0.25,"4","2","5","4"
"100","FB",0,"23",0,0.515,"2","3",0,0.25,"4","2","5","4"
"100","LR",0,"23",0,0.515,"2","3",0,0.25,"4","2","5","4"
"100","LR",0,"23",0,0.515,"2","3",0,0.25,"4","2","5","4"
"100","LR",0,"23",0,0.515,"2","3",0,0.25,"4","2","5","4"
"100","LR",1,"23",0,0.515,"2","3",0,0.25,"4","2","5","4"
"101","FB",0,"11",0.45,0.003,"4","2",0.25,0,"2","4","3","3"
"101","FB",0,"11",0.45,0.003,"4","2",0.25,0,"2","4","3","3"
"101","FB",0,"11",0.45,0.003,"4","2",0.25,0,"2","4","3","3"
"101","FB",1,"11",0.45,0.003,"4","2",0.25,0,"2","4","3","3"
"101","LR",0,"11",0.45,0.003,"4","2",0.25,0,"2","4","3","3"
"101","LR",0,"11",0.45,0.003,"4","2",0.25,0,"2","4","3","3"
"101","LR",0,"11",0.45,0.003,"4","2",0.25,0,"2","4","3","3"
"101","LR",0,"11",0.45,0.003,"4","2",0.25,0,"2","4","3","3"
"102","FB",0,"11",0.477,0,"4","2",0.5,0,"2","4","3","3"
"102","FB",0,"11",0.477,0,"4","2",0.5,0,"2","4","3","3"
"102","FB",1,"11",0.477,0,"4","2",0.5,0,"2","4","3","3"
"102","FB",1,"11",0.477,0,"4","2",0.5,0,"2","4","3","3"
"102","LR",0,"11",0.477,0,"4","2",0.5,0,"2","4","3","3"
"102","LR",0,"11",0.477,0,"4","2",0.5,0,"2","4","3","3"
"102","LR",0,"11",0.477,0,"4","2",0.5,0,"2","4","3","3"
"102","LR",0,"11",0.477,0,"4","2",0.5,0,"2","4","3","3"
"103","FB",0,"11",0.467,0,"4","2",0.75,0,"6","4","6","3"
"103","FB",1,"11",0.467,0,"4","2",0.75,0,"6","4","6","3"
"103","FB",1,"11",0.467,0,"4","2",0.75,0,"6","4","6","3"
"103","FB",1,"11",0.467,0,"4","2",0.75,0,"6","4","6","3"
"103","LR",0,"11",0.467,0,"4","2",0.75,0,"6","4","6","3"
"103","LR",0,"11",0.467,0,"4","2",0.75,0,"6","4","6","3"
"103","LR",0,"11",0.467,0,"4","2",0.75,0,"6","4","6","3"
"103","LR",0,"11",0.467,0,"4","2",0.75,0,"6","4","6","3"
"104","FB",0,"15",0.557,1,"3","4",0.75,1,"5","3","1","1"
"104","FB",1,"15",0.557,1,"3","4",0.75,1,"5","3","1","1"
"104","FB",1,"15",0.557,1,"3","4",0.75,1,"5","3","1","1"
"104","FB",1,"15",0.557,1,"3","4",0.75,1,"5","3","1","1"
"104","LR",1,"15",0.557,1,"3","4",0.75,1,"5","3","1","1"
"104","LR",1,"15",0.557,1,"3","4",0.75,1,"5","3","1","1"
"104","LR",1,"15",0.557,1,"3","4",0.75,1,"5","3","1","1"
"104","LR",1,"15",0.557,1,"3","4",0.75,1,"5","3","1","1"
"105","FB",0,"23",0.004,0.448,"2","3",0,0.5,"4","2","5","4"
"105","FB",0,"23",0.004,0.448,"2","3",0,0.5,"4","2","5","4"
"105","FB",0,"23",0.004,0.448,"2","3",0,0.5,"4","2","5","4"
"105","FB",0,"23",0.004,0.448,"2","3",0,0.5,"4","2","5","4"
"105","LR",0,"23",0.004,0.448,"2","3",0,0.5,"4","2","5","4"
"105","LR",0,"23",0.004,0.448,"2","3",0,0.5,"4","2","5","4"
"105","LR",1,"23",0.004,0.448,"2","3",0,0.5,"4","2","5","4"
"105","LR",1,"23",0.004,0.448,"2","3",0,0.5,"4","2","5","4"
"106","FB",0,"11",0.482,0,"4","2",0.75,0,"6","4","6","3"
"106","FB",1,"11",0.482,0,"4","2",0.75,0,"6","4","6","3"
"106","FB",1,"11",0.482,0,"4","2",0.75,0,"6","4","6","3"
"106","FB",1,"11",0.482,0,"4","2",0.75,0,"6","4","6","3"
"106","LR",0,"11",0.482,0,"4","2",0.75,0,"6","4","6","3"
"106","LR",0,"11",0.482,0,"4","2",0.75,0,"6","4","6","3"
"106","LR",0,"11",0.482,0,"4","2",0.75,0,"6","4","6","3"
"106","LR",0,"11",0.482,0,"4","2",0.75,0,"6","4","6","3"
"107","FB",1,"15",0.512,1,"3","4",1,1,"5","1","2","1"
"107","FB",1,"15",0.512,1,"3","4",1,1,"5","1","2","1"
"107","FB",1,"15",0.512,1,"3","4",1,1,"5","1","2","1"
"107","FB",1,"15",0.512,1,"3","4",1,1,"5","1","2","1"
"107","LR",1,"15",0.512,1,"3","4",1,1,"5","1","2","1"
"107","LR",1,"15",0.512,1,"3","4",1,1,"5","1","2","1"
"107","LR",1,"15",0.512,1,"3","4",1,1,"5","1","2","1"
"107","LR",1,"15",0.512,1,"3","4",1,1,"5","1","2","1"
"108","FB",0,"15",0.504,0.988,"3","4",0.25,1,"3","3","4","1"
"108","FB",0,"15",0.504,0.988,"3","4",0.25,1,"3","3","4","1"
"108","FB",0,"15",0.504,0.988,"3","4",0.25,1,"3","3","4","1"
"108","FB",1,"15",0.504,0.988,"3","4",0.25,1,"3","3","4","1"
"108","LR",1,"15",0.504,0.988,"3","4",0.25,1,"3","3","4","1"
"108","LR",1,"15",0.504,0.988,"3","4",0.25,1,"3","3","4","1"
"108","LR",1,"15",0.504,0.988,"3","4",0.25,1,"3","3","4","1"
"108","LR",1,"15",0.504,0.988,"3","4",0.25,1,"3","3","4","1"
"109","FB",0,"15",0.517,1,"3","4",0.5,1,"3","3","4","1"
"109","FB",0,"15",0.517,1,"3","4",0.5,1,"3","3","4","1"
"109","FB",1,"15",0.517,1,"3","4",0.5,1,"3","3","4","1"
"109","FB",1,"15",0.517,1,"3","4",0.5,1,"3","3","4","1"
"109","LR",1,"15",0.517,1,"3","4",0.5,1,"3","3","4","1"
"109","LR",1,"15",0.517,1,"3","4",0.5,1,"3","3","4","1"
"109","LR",1,"15",0.517,1,"3","4",0.5,1,"3","3","4","1"
"109","LR",1,"15",0.517,1,"3","4",0.5,1,"3","3","4","1"
"110","FB",0,"23",0.043,0.441,"2","3",0,0.25,"4","2","5","4"
"110","FB",0,"23",0.043,0.441,"2","3",0,0.25,"4","2","5","4"
"110","FB",0,"23",0.043,0.441,"2","3",0,0.25,"4","2","5","4"
"110","FB",0,"23",0.043,0.441,"2","3",0,0.25,"4","2","5","4"
"110","LR",0,"23",0.043,0.441,"2","3",0,0.25,"4","2","5","4"
"110","LR",0,"23",0.043,0.441,"2","3",0,0.25,"4","2","5","4"
"110","LR",0,"23",0.043,0.441,"2","3",0,0.25,"4","2","5","4"
"110","LR",1,"23",0.043,0.441,"2","3",0,0.25,"4","2","5","4"
"111","FB",0,"15",0.522,1,"3","4",0.5,1,"3","3","4","1"
"111","FB",0,"15",0.522,1,"3","4",0.5,1,"3","3","4","1"
"111","FB",1,"15",0.522,1,"3","4",0.5,1,"3","3","4","1"
"111","FB",1,"15",0.522,1,"3","4",0.5,1,"3","3","4","1"
"111","LR",1,"15",0.522,1,"3","4",0.5,1,"3","3","4","1"
"111","LR",1,"15",0.522,1,"3","4",0.5,1,"3","3","4","1"
"111","LR",1,"15",0.522,1,"3","4",0.5,1,"3","3","4","1"
"111","LR",1,"15",0.522,1,"3","4",0.5,1,"3","3","4","1"
"112","FB",0,"23",0.061,0.499,"4","2",0,0,"2","2","5","3"
"112","FB",0,"23",0.061,0.499,"4","2",0,0,"2","2","5","3"
"112","FB",0,"23",0.061,0.499,"4","2",0,0,"2","2","5","3"
"112","FB",0,"23",0.061,0.499,"4","2",0,0,"2","2","5","3"
"112","LR",0,"23",0.061,0.499,"4","2",0,0,"2","2","5","3"
"112","LR",0,"23",0.061,0.499,"4","2",0,0,"2","2","5","3"
"112","LR",0,"23",0.061,0.499,"4","2",0,0,"2","2","5","3"
"112","LR",0,"23",0.061,0.499,"4","2",0,0,"2","2","5","3"
"113","FB",0,"23",0.036,0.477,"2","3",0,0.75,"4","2","5","4"
"113","FB",0,"23",0.036,0.477,"2","3",0,0.75,"4","2","5","4"
"113","FB",0,"23",0.036,0.477,"2","3",0,0.75,"4","2","5","4"
"113","FB",0,"23",0.036,0.477,"2","3",0,0.75,"4","2","5","4"
"113","LR",0,"23",0.036,0.477,"2","3",0,0.75,"4","2","5","4"
"113","LR",1,"23",0.036,0.477,"2","3",0,0.75,"4","2","5","4"
"113","LR",1,"23",0.036,0.477,"2","3",0,0.75,"4","2","5","4"
"113","LR",1,"23",0.036,0.477,"2","3",0,0.75,"4","2","5","4"
"114","FB",0,"15",0.549,0.963,"3","4",0.75,1,"5","3","1","1"
"114","FB",1,"15",0.549,0.963,"3","4",0.75,1,"5","3","1","1"
"114","FB",1,"15",0.549,0.963,"3","4",0.75,1,"5","3","1","1"
"114","FB",1,"15",0.549,0.963,"3","4",0.75,1,"5","3","1","1"
"114","LR",1,"15",0.549,0.963,"3","4",0.75,1,"5","3","1","1"
"114","LR",1,"15",0.549,0.963,"3","4",0.75,1,"5","3","1","1"
"114","LR",1,"15",0.549,0.963,"3","4",0.75,1,"5","3","1","1"
"114","LR",1,"15",0.549,0.963,"3","4",0.75,1,"5","3","1","1"
"115","FB",0,"23",0,0.516,"2","3",0,0.75,"4","2","5","4"
"115","FB",0,"23",0,0.516,"2","3",0,0.75,"4","2","5","4"
"115","FB",0,"23",0,0.516,"2","3",0,0.75,"4","2","5","4"
"115","FB",0,"23",0,0.516,"2","3",0,0.75,"4","2","5","4"
"115","LR",0,"23",0,0.516,"2","3",0,0.75,"4","2","5","4"
"115","LR",1,"23",0,0.516,"2","3",0,0.75,"4","2","5","4"
"115","LR",1,"23",0,0.516,"2","3",0,0.75,"4","2","5","4"
"115","LR",1,"23",0,0.516,"2","3",0,0.75,"4","2","5","4"
"116","FB",0,"11",0.499,0.061,"4","2",0.5,0,"2","4","3","3"
"116","FB",0,"11",0.499,0.061,"4","2",0.5,0,"2","4","3","3"
"116","FB",1,"11",0.499,0.061,"4","2",0.5,0,"2","4","3","3"
"116","FB",1,"11",0.499,0.061,"4","2",0.5,0,"2","4","3","3"
"116","LR",0,"11",0.499,0.061,"4","2",0.5,0,"2","4","3","3"
"116","LR",0,"11",0.499,0.061,"4","2",0.5,0,"2","4","3","3"
"116","LR",0,"11",0.499,0.061,"4","2",0.5,0,"2","4","3","3"
"116","LR",0,"11",0.499,0.061,"4","2",0.5,0,"2","4","3","3"
"117","FB",0,"15",0.476,1,"3","4",0.5,1,"3","3","4","1"
"117","FB",0,"15",0.476,1,"3","4",0.5,1,"3","3","4","1"
"117","FB",1,"15",0.476,1,"3","4",0.5,1,"3","3","4","1"
"117","FB",1,"15",0.476,1,"3","4",0.5,1,"3","3","4","1"
"117","LR",1,"15",0.476,1,"3","4",0.5,1,"3","3","4","1"
"117","LR",1,"15",0.476,1,"3","4",0.5,1,"3","3","4","1"
"117","LR",1,"15",0.476,1,"3","4",0.5,1,"3","3","4","1"
"117","LR",1,"15",0.476,1,"3","4",0.5,1,"3","3","4","1"
"118","FB",0,"11",0.514,0,"4","2",0,0,"2","2","5","3"
"118","FB",0,"11",0.514,0,"4","2",0,0,"2","2","5","3"
"118","FB",0,"11",0.514,0,"4","2",0,0,"2","2","5","3"
"118","FB",0,"11",0.514,0,"4","2",0,0,"2","2","5","3"
"118","LR",0,"11",0.514,0,"4","2",0,0,"2","2","5","3"
"118","LR",0,"11",0.514,0,"4","2",0,0,"2","2","5","3"
"118","LR",0,"11",0.514,0,"4","2",0,0,"2","2","5","3"
"118","LR",0,"11",0.514,0,"4","2",0,0,"2","2","5","3"
"119","FB",0,"15",0.412,0.945,"3","4",0.5,0.75,"3","3","4","4"
"119","FB",0,"15",0.412,0.945,"3","4",0.5,0.75,"3","3","4","4"
"119","FB",1,"15",0.412,0.945,"3","4",0.5,0.75,"3","3","4","4"
"119","FB",1,"15",0.412,0.945,"3","4",0.5,0.75,"3","3","4","4"
"119","LR",0,"15",0.412,0.945,"3","4",0.5,0.75,"3","3","4","4"
"119","LR",1,"15",0.412,0.945,"3","4",0.5,0.75,"3","3","4","4"
"119","LR",1,"15",0.412,0.945,"3","4",0.5,0.75,"3","3","4","4"
"119","LR",1,"15",0.412,0.945,"3","4",0.5,0.75,"3","3","4","4"
"120","FB",0,"11",0.51,0,"4","2",0.75,0,"6","4","6","3"
"120","FB",1,"11",0.51,0,"4","2",0.75,0,"6","4","6","3"
"120","FB",1,"11",0.51,0,"4","2",0.75,0,"6","4","6","3"
"120","FB",1,"11",0.51,0,"4","2",0.75,0,"6","4","6","3"
"120","LR",0,"11",0.51,0,"4","2",0.75,0,"6","4","6","3"
"120","LR",0,"11",0.51,0,"4","2",0.75,0,"6","4","6","3"
"120","LR",0,"11",0.51,0,"4","2",0.75,0,"6","4","6","3"
"120","LR",0,"11",0.51,0,"4","2",0.75,0,"6","4","6","3"
"121","FB",0,"15",0.529,1,"3","4",0.5,1,"3","3","4","1"
"121","FB",0,"15",0.529,1,"3","4",0.5,1,"3","3","4","1"
"121","FB",1,"15",0.529,1,"3","4",0.5,1,"3","3","4","1"
"121","FB",1,"15",0.529,1,"3","4",0.5,1,"3","3","4","1"
"121","LR",1,"15",0.529,1,"3","4",0.5,1,"3","3","4","1"
"121","LR",1,"15",0.529,1,"3","4",0.5,1,"3","3","4","1"
"121","LR",1,"15",0.529,1,"3","4",0.5,1,"3","3","4","1"
"121","LR",1,"15",0.529,1,"3","4",0.5,1,"3","3","4","1"
"122","FB",1,"3",1,0.497,"1","1",1,0.5,"1","1","2","2"
"122","FB",1,"3",1,0.497,"1","1",1,0.5,"1","1","2","2"
"122","FB",1,"3",1,0.497,"1","1",1,0.5,"1","1","2","2"
"122","FB",1,"3",1,0.497,"1","1",1,0.5,"1","1","2","2"
"122","LR",0,"3",1,0.497,"1","1",1,0.5,"1","1","2","2"
"122","LR",0,"3",1,0.497,"1","1",1,0.5,"1","1","2","2"
"122","LR",1,"3",1,0.497,"1","1",1,0.5,"1","1","2","2"
"122","LR",1,"3",1,0.497,"1","1",1,0.5,"1","1","2","2"
"123","FB",0,"11",0.518,0,"4","2",0.5,0,"2","4","3","3"
"123","FB",0,"11",0.518,0,"4","2",0.5,0,"2","4","3","3"
"123","FB",1,"11",0.518,0,"4","2",0.5,0,"2","4","3","3"
"123","FB",1,"11",0.518,0,"4","2",0.5,0,"2","4","3","3"
"123","LR",0,"11",0.518,0,"4","2",0.5,0,"2","4","3","3"
"123","LR",0,"11",0.518,0,"4","2",0.5,0,"2","4","3","3"
"123","LR",0,"11",0.518,0,"4","2",0.5,0,"2","4","3","3"
"123","LR",0,"11",0.518,0,"4","2",0.5,0,"2","4","3","3"
"124","FB",0,"11",0.479,0.048,"4","2",0,0,"2","2","5","3"
"124","FB",0,"11",0.479,0.048,"4","2",0,0,"2","2","5","3"
"124","FB",0,"11",0.479,0.048,"4","2",0,0,"2","2","5","3"
"124","FB",0,"11",0.479,0.048,"4","2",0,0,"2","2","5","3"
"124","LR",0,"11",0.479,0.048,"4","2",0,0,"2","2","5","3"
"124","LR",0,"11",0.479,0.048,"4","2",0,0,"2","2","5","3"
"124","LR",0,"11",0.479,0.048,"4","2",0,0,"2","2","5","3"
"124","LR",0,"11",0.479,0.048,"4","2",0,0,"2","2","5","3"
"125","FB",0,"23",0.001,0.479,"2","3",0,0.25,"4","2","5","4"
"125","FB",0,"23",0.001,0.479,"2","3",0,0.25,"4","2","5","4"
"125","FB",0,"23",0.001,0.479,"2","3",0,0.25,"4","2","5","4"
"125","FB",0,"23",0.001,0.479,"2","3",0,0.25,"4","2","5","4"
"125","LR",0,"23",0.001,0.479,"2","3",0,0.25,"4","2","5","4"
"125","LR",0,"23",0.001,0.479,"2","3",0,0.25,"4","2","5","4"
"125","LR",0,"23",0.001,0.479,"2","3",0,0.25,"4","2","5","4"
"125","LR",1,"23",0.001,0.479,"2","3",0,0.25,"4","2","5","4"
"126","FB",0,"15",0.482,0.973,"3","4",0.5,1,"3","3","4","1"
"126","FB",0,"15",0.482,0.973,"3","4",0.5,1,"3","3","4","1"
"126","FB",1,"15",0.482,0.973,"3","4",0.5,1,"3","3","4","1"
"126","FB",1,"15",0.482,0.973,"3","4",0.5,1,"3","3","4","1"
"126","LR",1,"15",0.482,0.973,"3","4",0.5,1,"3","3","4","1"
"126","LR",1,"15",0.482,0.973,"3","4",0.5,1,"3","3","4","1"
"126","LR",1,"15",0.482,0.973,"3","4",0.5,1,"3","3","4","1"
"126","LR",1,"15",0.482,0.973,"3","4",0.5,1,"3","3","4","1"
"127","FB",1,"3",1,0.587,"1","1",1,0.5,"1","1","2","2"
"127","FB",1,"3",1,0.587,"1","1",1,0.5,"1","1","2","2"
"127","FB",1,"3",1,0.587,"1","1",1,0.5,"1","1","2","2"
"127","FB",1,"3",1,0.587,"1","1",1,0.5,"1","1","2","2"
"127","LR",0,"3",1,0.587,"1","1",1,0.5,"1","1","2","2"
"127","LR",0,"3",1,0.587,"1","1",1,0.5,"1","1","2","2"
"127","LR",1,"3",1,0.587,"1","1",1,0.5,"1","1","2","2"
"127","LR",1,"3",1,0.587,"1","1",1,0.5,"1","1","2","2"
"128","FB",0,"11",0.612,0.074,"4","2",0.75,0,"6","4","6","3"
"128","FB",1,"11",0.612,0.074,"4","2",0.75,0,"6","4","6","3"
"128","FB",1,"11",0.612,0.074,"4","2",0.75,0,"6","4","6","3"
"128","FB",1,"11",0.612,0.074,"4","2",0.75,0,"6","4","6","3"
"128","LR",0,"11",0.612,0.074,"4","2",0.75,0,"6","4","6","3"
"128","LR",0,"11",0.612,0.074,"4","2",0.75,0,"6","4","6","3"
"128","LR",0,"11",0.612,0.074,"4","2",0.75,0,"6","4","6","3"
"128","LR",0,"11",0.612,0.074,"4","2",0.75,0,"6","4","6","3"
"129","FB",0,"23",0.012,0.532,"2","3",0,0.5,"4","2","5","4"
"129","FB",0,"23",0.012,0.532,"2","3",0,0.5,"4","2","5","4"
"129","FB",0,"23",0.012,0.532,"2","3",0,0.5,"4","2","5","4"
"129","FB",0,"23",0.012,0.532,"2","3",0,0.5,"4","2","5","4"
"129","LR",0,"23",0.012,0.532,"2","3",0,0.5,"4","2","5","4"
"129","LR",0,"23",0.012,0.532,"2","3",0,0.5,"4","2","5","4"
"129","LR",1,"23",0.012,0.532,"2","3",0,0.5,"4","2","5","4"
"129","LR",1,"23",0.012,0.532,"2","3",0,0.5,"4","2","5","4"
"130","FB",1,"3",1,0.538,"1","1",1,0.25,"1","1","2","2"
"130","FB",1,"3",1,0.538,"1","1",1,0.25,"1","1","2","2"
"130","FB",1,"3",1,0.538,"1","1",1,0.25,"1","1","2","2"
"130","FB",1,"3",1,0.538,"1","1",1,0.25,"1","1","2","2"
"130","LR",0,"3",1,0.538,"1","1",1,0.25,"1","1","2","2"
"130","LR",0,"3",1,0.538,"1","1",1,0.25,"1","1","2","2"
"130","LR",0,"3",1,0.538,"1","1",1,0.25,"1","1","2","2"
"130","LR",1,"3",1,0.538,"1","1",1,0.25,"1","1","2","2"
"131","FB",1,"3",1,0.527,"1","1",1,0.75,"1","1","2","2"
"131","FB",1,"3",1,0.527,"1","1",1,0.75,"1","1","2","2"
"131","FB",1,"3",1,0.527,"1","1",1,0.75,"1","1","2","2"
"131","FB",1,"3",1,0.527,"1","1",1,0.75,"1","1","2","2"
"131","LR",0,"3",1,0.527,"1","1",1,0.75,"1","1","2","2"
"131","LR",1,"3",1,0.527,"1","1",1,0.75,"1","1","2","2"
"131","LR",1,"3",1,0.527,"1","1",1,0.75,"1","1","2","2"
"131","LR",1,"3",1,0.527,"1","1",1,0.75,"1","1","2","2"
"132","FB",0,"15",0.544,1,"3","4",0.5,1,"3","3","4","1"
"132","FB",0,"15",0.544,1,"3","4",0.5,1,"3","3","4","1"
"132","FB",1,"15",0.544,1,"3","4",0.5,1,"3","3","4","1"
"132","FB",1,"15",0.544,1,"3","4",0.5,1,"3","3","4","1"
"132","LR",1,"15",0.544,1,"3","4",0.5,1,"3","3","4","1"
"132","LR",1,"15",0.544,1,"3","4",0.5,1,"3","3","4","1"
"132","LR",1,"15",0.544,1,"3","4",0.5,1,"3","3","4","1"
"132","LR",1,"15",0.544,1,"3","4",0.5,1,"3","3","4","1"
"133","FB",0,"15",0.554,1,"3","4",0.75,1,"5","3","1","1"
"133","FB",1,"15",0.554,1,"3","4",0.75,1,"5","3","1","1"
"133","FB",1,"15",0.554,1,"3","4",0.75,1,"5","3","1","1"
"133","FB",1,"15",0.554,1,"3","4",0.75,1,"5","3","1","1"
"133","LR",1,"15",0.554,1,"3","4",0.75,1,"5","3","1","1"
"133","LR",1,"15",0.554,1,"3","4",0.75,1,"5","3","1","1"
"133","LR",1,"15",0.554,1,"3","4",0.75,1,"5","3","1","1"
"133","LR",1,"15",0.554,1,"3","4",0.75,1,"5","3","1","1"
"134","FB",0,"11",0.47,0.068,"4","2",0.25,0,"2","4","3","3"
"134","FB",0,"11",0.47,0.068,"4","2",0.25,0,"2","4","3","3"
"134","FB",0,"11",0.47,0.068,"4","2",0.25,0,"2","4","3","3"
"134","FB",1,"11",0.47,0.068,"4","2",0.25,0,"2","4","3","3"
"134","LR",0,"11",0.47,0.068,"4","2",0.25,0,"2","4","3","3"
"134","LR",0,"11",0.47,0.068,"4","2",0.25,0,"2","4","3","3"
"134","LR",0,"11",0.47,0.068,"4","2",0.25,0,"2","4","3","3"
"134","LR",0,"11",0.47,0.068,"4","2",0.25,0,"2","4","3","3"
"135","FB",0,"3",0.925,0.498,"1","1",0.75,0.5,"1","1","6","2"
"135","FB",1,"3",0.925,0.498,"1","1",0.75,0.5,"1","1","6","2"
"135","FB",1,"3",0.925,0.498,"1","1",0.75,0.5,"1","1","6","2"
"135","FB",1,"3",0.925,0.498,"1","1",0.75,0.5,"1","1","6","2"
"135","LR",0,"3",0.925,0.498,"1","1",0.75,0.5,"1","1","6","2"
"135","LR",0,"3",0.925,0.498,"1","1",0.75,0.5,"1","1","6","2"
"135","LR",1,"3",0.925,0.498,"1","1",0.75,0.5,"1","1","6","2"
"135","LR",1,"3",0.925,0.498,"1","1",0.75,0.5,"1","1","6","2"
"136","FB",0,"11",0.552,0.048,"4","2",0.5,0,"2","4","3","3"
"136","FB",0,"11",0.552,0.048,"4","2",0.5,0,"2","4","3","3"
"136","FB",1,"11",0.552,0.048,"4","2",0.5,0,"2","4","3","3"
"136","FB",1,"11",0.552,0.048,"4","2",0.5,0,"2","4","3","3"
"136","LR",0,"11",0.552,0.048,"4","2",0.5,0,"2","4","3","3"
"136","LR",0,"11",0.552,0.048,"4","2",0.5,0,"2","4","3","3"
"136","LR",0,"11",0.552,0.048,"4","2",0.5,0,"2","4","3","3"
"136","LR",0,"11",0.552,0.048,"4","2",0.5,0,"2","4","3","3"
"137","FB",1,"3",0.985,0.604,"1","1",1,0.75,"1","1","2","2"
"137","FB",1,"3",0.985,0.604,"1","1",1,0.75,"1","1","2","2"
"137","FB",1,"3",0.985,0.604,"1","1",1,0.75,"1","1","2","2"
"137","FB",1,"3",0.985,0.604,"1","1",1,0.75,"1","1","2","2"
"137","LR",0,"3",0.985,0.604,"1","1",1,0.75,"1","1","2","2"
"137","LR",1,"3",0.985,0.604,"1","1",1,0.75,"1","1","2","2"
"137","LR",1,"3",0.985,0.604,"1","1",1,0.75,"1","1","2","2"
"137","LR",1,"3",0.985,0.604,"1","1",1,0.75,"1","1","2","2"
"138","FB",0,"15",0.556,0.989,"3","4",0.75,1,"5","3","1","1"
"138","FB",1,"15",0.556,0.989,"3","4",0.75,1,"5","3","1","1"
"138","FB",1,"15",0.556,0.989,"3","4",0.75,1,"5","3","1","1"
"138","FB",1,"15",0.556,0.989,"3","4",0.75,1,"5","3","1","1"
"138","LR",1,"15",0.556,0.989,"3","4",0.75,1,"5","3","1","1"
"138","LR",1,"15",0.556,0.989,"3","4",0.75,1,"5","3","1","1"
"138","LR",1,"15",0.556,0.989,"3","4",0.75,1,"5","3","1","1"
"138","LR",1,"15",0.556,0.989,"3","4",0.75,1,"5","3","1","1"
"139","FB",0,"15",0.507,0.97,"3","4",0.25,1,"3","3","4","1"
"139","FB",0,"15",0.507,0.97,"3","4",0.25,1,"3","3","4","1"
"139","FB",0,"15",0.507,0.97,"3","4",0.25,1,"3","3","4","1"
"139","FB",1,"15",0.507,0.97,"3","4",0.25,1,"3","3","4","1"
"139","LR",1,"15",0.507,0.97,"3","4",0.25,1,"3","3","4","1"
"139","LR",1,"15",0.507,0.97,"3","4",0.25,1,"3","3","4","1"
"139","LR",1,"15",0.507,0.97,"3","4",0.25,1,"3","3","4","1"
"139","LR",1,"15",0.507,0.97,"3","4",0.25,1,"3","3","4","1"
"140","FB",0,"23",0,0.464,"2","3",0,0.25,"4","2","5","4"
"140","FB",0,"23",0,0.464,"2","3",0,0.25,"4","2","5","4"
"140","FB",0,"23",0,0.464,"2","3",0,0.25,"4","2","5","4"
"140","FB",0,"23",0,0.464,"2","3",0,0.25,"4","2","5","4"
"140","LR",0,"23",0,0.464,"2","3",0,0.25,"4","2","5","4"
"140","LR",0,"23",0,0.464,"2","3",0,0.25,"4","2","5","4"
"140","LR",0,"23",0,0.464,"2","3",0,0.25,"4","2","5","4"
"140","LR",1,"23",0,0.464,"2","3",0,0.25,"4","2","5","4"
"141","FB",0,"23",0.032,0.531,"2","3",0,0.5,"4","2","5","4"
"141","FB",0,"23",0.032,0.531,"2","3",0,0.5,"4","2","5","4"
"141","FB",0,"23",0.032,0.531,"2","3",0,0.5,"4","2","5","4"
"141","FB",0,"23",0.032,0.531,"2","3",0,0.5,"4","2","5","4"
"141","LR",0,"23",0.032,0.531,"2","3",0,0.5,"4","2","5","4"
"141","LR",0,"23",0.032,0.531,"2","3",0,0.5,"4","2","5","4"
"141","LR",1,"23",0.032,0.531,"2","3",0,0.5,"4","2","5","4"
"141","LR",1,"23",0.032,0.531,"2","3",0,0.5,"4","2","5","4"
"142","FB",0,"11",0.439,0.024,"4","2",0.25,0,"2","4","3","3"
"142","FB",0,"11",0.439,0.024,"4","2",0.25,0,"2","4","3","3"
"142","FB",0,"11",0.439,0.024,"4","2",0.25,0,"2","4","3","3"
"142","FB",1,"11",0.439,0.024,"4","2",0.25,0,"2","4","3","3"
"142","LR",0,"11",0.439,0.024,"4","2",0.25,0,"2","4","3","3"
"142","LR",0,"11",0.439,0.024,"4","2",0.25,0,"2","4","3","3"
"142","LR",0,"11",0.439,0.024,"4","2",0.25,0,"2","4","3","3"
"142","LR",0,"11",0.439,0.024,"4","2",0.25,0,"2","4","3","3"
"143","FB",0,"23",0.021,0.485,"2","3",0,0.25,"4","2","5","4"
"143","FB",0,"23",0.021,0.485,"2","3",0,0.25,"4","2","5","4"
"143","FB",0,"23",0.021,0.485,"2","3",0,0.25,"4","2","5","4"
"143","FB",0,"23",0.021,0.485,"2","3",0,0.25,"4","2","5","4"
"143","LR",0,"23",0.021,0.485,"2","3",0,0.25,"4","2","5","4"
"143","LR",0,"23",0.021,0.485,"2","3",0,0.25,"4","2","5","4"
"143","LR",0,"23",0.021,0.485,"2","3",0,0.25,"4","2","5","4"
"143","LR",1,"23",0.021,0.485,"2","3",0,0.25,"4","2","5","4"
"144","FB",0,"15",0.479,1,"3","4",0.5,1,"3","3","4","1"
"144","FB",0,"15",0.479,1,"3","4",0.5,1,"3","3","4","1"
"144","FB",1,"15",0.479,1,"3","4",0.5,1,"3","3","4","1"
"144","FB",1,"15",0.479,1,"3","4",0.5,1,"3","3","4","1"
"144","LR",1,"15",0.479,1,"3","4",0.5,1,"3","3","4","1"
"144","LR",1,"15",0.479,1,"3","4",0.5,1,"3","3","4","1"
"144","LR",1,"15",0.479,1,"3","4",0.5,1,"3","3","4","1"
"144","LR",1,"15",0.479,1,"3","4",0.5,1,"3","3","4","1"
"145","FB",0,"23",0.038,0.46,"2","3",0,0.5,"4","2","5","4"
"145","FB",0,"23",0.038,0.46,"2","3",0,0.5,"4","2","5","4"
"145","FB",0,"23",0.038,0.46,"2","3",0,0.5,"4","2","5","4"
"145","FB",0,"23",0.038,0.46,"2","3",0,0.5,"4","2","5","4"
"145","LR",0,"23",0.038,0.46,"2","3",0,0.5,"4","2","5","4"
"145","LR",0,"23",0.038,0.46,"2","3",0,0.5,"4","2","5","4"
"145","LR",1,"23",0.038,0.46,"2","3",0,0.5,"4","2","5","4"
"145","LR",1,"23",0.038,0.46,"2","3",0,0.5,"4","2","5","4"
"146","FB",0,"15",0.549,0.925,"2","3",0,0.75,"4","2","5","4"
"146","FB",0,"15",0.549,0.925,"2","3",0,0.75,"4","2","5","4"
"146","FB",0,"15",0.549,0.925,"2","3",0,0.75,"4","2","5","4"
"146","FB",0,"15",0.549,0.925,"2","3",0,0.75,"4","2","5","4"
"146","LR",0,"15",0.549,0.925,"2","3",0,0.75,"4","2","5","4"
"146","LR",1,"15",0.549,0.925,"2","3",0,0.75,"4","2","5","4"
"146","LR",1,"15",0.549,0.925,"2","3",0,0.75,"4","2","5","4"
"146","LR",1,"15",0.549,0.925,"2","3",0,0.75,"4","2","5","4"
"147","FB",0,"11",0.465,0.014,"4","2",0.75,0,"6","4","6","3"
"147","FB",1,"11",0.465,0.014,"4","2",0.75,0,"6","4","6","3"
"147","FB",1,"11",0.465,0.014,"4","2",0.75,0,"6","4","6","3"
"147","FB",1,"11",0.465,0.014,"4","2",0.75,0,"6","4","6","3"
"147","LR",0,"11",0.465,0.014,"4","2",0.75,0,"6","4","6","3"
"147","LR",0,"11",0.465,0.014,"4","2",0.75,0,"6","4","6","3"
"147","LR",0,"11",0.465,0.014,"4","2",0.75,0,"6","4","6","3"
"147","LR",0,"11",0.465,0.014,"4","2",0.75,0,"6","4","6","3"
"148","FB",0,"15",0.506,0.954,"3","4",0.5,1,"3","3","4","1"
"148","FB",0,"15",0.506,0.954,"3","4",0.5,1,"3","3","4","1"
"148","FB",1,"15",0.506,0.954,"3","4",0.5,1,"3","3","4","1"
"148","FB",1,"15",0.506,0.954,"3","4",0.5,1,"3","3","4","1"
"148","LR",1,"15",0.506,0.954,"3","4",0.5,1,"3","3","4","1"
"148","LR",1,"15",0.506,0.954,"3","4",0.5,1,"3","3","4","1"
"148","LR",1,"15",0.506,0.954,"3","4",0.5,1,"3","3","4","1"
"148","LR",1,"15",0.506,0.954,"3","4",0.5,1,"3","3","4","1"
"149","FB",0,"23",0,0.523,"2","3",0,0.5,"4","2","5","4"
"149","FB",0,"23",0,0.523,"2","3",0,0.5,"4","2","5","4"
"149","FB",0,"23",0,0.523,"2","3",0,0.5,"4","2","5","4"
"149","FB",0,"23",0,0.523,"2","3",0,0.5,"4","2","5","4"
"149","LR",0,"23",0,0.523,"2","3",0,0.5,"4","2","5","4"
"149","LR",0,"23",0,0.523,"2","3",0,0.5,"4","2","5","4"
"149","LR",1,"23",0,0.523,"2","3",0,0.5,"4","2","5","4"
"149","LR",1,"23",0,0.523,"2","3",0,0.5,"4","2","5","4"
"150","FB",0,"11",0.457,0,"4","2",0.75,0,"6","4","6","3"
"150","FB",1,"11",0.457,0,"4","2",0.75,0,"6","4","6","3"
"150","FB",1,"11",0.457,0,"4","2",0.75,0,"6","4","6","3"
"150","FB",1,"11",0.457,0,"4","2",0.75,0,"6","4","6","3"
"150","LR",0,"11",0.457,0,"4","2",0.75,0,"6","4","6","3"
"150","LR",0,"11",0.457,0,"4","2",0.75,0,"6","4","6","3"
"150","LR",0,"11",0.457,0,"4","2",0.75,0,"6","4","6","3"
"150","LR",0,"11",0.457,0,"4","2",0.75,0,"6","4","6","3"
"151","FB",0,"11",0.479,0,"4","2",0.25,0,"2","4","3","3"
"151","FB",0,"11",0.479,0,"4","2",0.25,0,"2","4","3","3"
"151","FB",0,"11",0.479,0,"4","2",0.25,0,"2","4","3","3"
"151","FB",1,"11",0.479,0,"4","2",0.25,0,"2","4","3","3"
"151","LR",0,"11",0.479,0,"4","2",0.25,0,"2","4","3","3"
"151","LR",0,"11",0.479,0,"4","2",0.25,0,"2","4","3","3"
"151","LR",0,"11",0.479,0,"4","2",0.25,0,"2","4","3","3"
"151","LR",0,"11",0.479,0,"4","2",0.25,0,"2","4","3","3"
"152","FB",0,"15",0.405,1,"3","4",0.25,1,"3","3","4","1"
"152","FB",0,"15",0.405,1,"3","4",0.25,1,"3","3","4","1"
"152","FB",0,"15",0.405,1,"3","4",0.25,1,"3","3","4","1"
"152","FB",1,"15",0.405,1,"3","4",0.25,1,"3","3","4","1"
"152","LR",1,"15",0.405,1,"3","4",0.25,1,"3","3","4","1"
"152","LR",1,"15",0.405,1,"3","4",0.25,1,"3","3","4","1"
"152","LR",1,"15",0.405,1,"3","4",0.25,1,"3","3","4","1"
"152","LR",1,"15",0.405,1,"3","4",0.25,1,"3","3","4","1"
"153","FB",1,"3",0.971,0.434,"1","1",1,0.5,"1","1","2","2"
"153","FB",1,"3",0.971,0.434,"1","1",1,0.5,"1","1","2","2"
"153","FB",1,"3",0.971,0.434,"1","1",1,0.5,"1","1","2","2"
"153","FB",1,"3",0.971,0.434,"1","1",1,0.5,"1","1","2","2"
"153","LR",0,"3",0.971,0.434,"1","1",1,0.5,"1","1","2","2"
"153","LR",0,"3",0.971,0.434,"1","1",1,0.5,"1","1","2","2"
"153","LR",1,"3",0.971,0.434,"1","1",1,0.5,"1","1","2","2"
"153","LR",1,"3",0.971,0.434,"1","1",1,0.5,"1","1","2","2"
"154","FB",1,"3",1,0.465,"1","1",1,0.5,"1","1","2","2"
"154","FB",1,"3",1,0.465,"1","1",1,0.5,"1","1","2","2"
"154","FB",1,"3",1,0.465,"1","1",1,0.5,"1","1","2","2"
"154","FB",1,"3",1,0.465,"1","1",1,0.5,"1","1","2","2"
"154","LR",0,"3",1,0.465,"1","1",1,0.5,"1","1","2","2"
"154","LR",0,"3",1,0.465,"1","1",1,0.5,"1","1","2","2"
"154","LR",1,"3",1,0.465,"1","1",1,0.5,"1","1","2","2"
"154","LR",1,"3",1,0.465,"1","1",1,0.5,"1","1","2","2"
"155","FB",0,"15",0.531,1,"2","3",0,1,"3","2","5","1"
"155","FB",0,"15",0.531,1,"2","3",0,1,"3","2","5","1"
"155","FB",0,"15",0.531,1,"2","3",0,1,"3","2","5","1"
"155","FB",0,"15",0.531,1,"2","3",0,1,"3","2","5","1"
"155","LR",1,"15",0.531,1,"2","3",0,1,"3","2","5","1"
"155","LR",1,"15",0.531,1,"2","3",0,1,"3","2","5","1"
"155","LR",1,"15",0.531,1,"2","3",0,1,"3","2","5","1"
"155","LR",1,"15",0.531,1,"2","3",0,1,"3","2","5","1"
"156","FB",0,"11",0.446,0,"4","2",0.75,0,"6","4","6","3"
"156","FB",1,"11",0.446,0,"4","2",0.75,0,"6","4","6","3"
"156","FB",1,"11",0.446,0,"4","2",0.75,0,"6","4","6","3"
"156","FB",1,"11",0.446,0,"4","2",0.75,0,"6","4","6","3"
"156","LR",0,"11",0.446,0,"4","2",0.75,0,"6","4","6","3"
"156","LR",0,"11",0.446,0,"4","2",0.75,0,"6","4","6","3"
"156","LR",0,"11",0.446,0,"4","2",0.75,0,"6","4","6","3"
"156","LR",0,"11",0.446,0,"4","2",0.75,0,"6","4","6","3"
"157","FB",0,"11",0.535,0,"4","2",0.25,0,"2","4","3","3"
"157","FB",0,"11",0.535,0,"4","2",0.25,0,"2","4","3","3"
"157","FB",0,"11",0.535,0,"4","2",0.25,0,"2","4","3","3"
"157","FB",1,"11",0.535,0,"4","2",0.25,0,"2","4","3","3"
"157","LR",0,"11",0.535,0,"4","2",0.25,0,"2","4","3","3"
"157","LR",0,"11",0.535,0,"4","2",0.25,0,"2","4","3","3"
"157","LR",0,"11",0.535,0,"4","2",0.25,0,"2","4","3","3"
"157","LR",0,"11",0.535,0,"4","2",0.25,0,"2","4","3","3"
"158","FB",0,"11",0.537,0.023,"4","2",0.25,0,"2","4","3","3"
"158","FB",0,"11",0.537,0.023,"4","2",0.25,0,"2","4","3","3"
"158","FB",0,"11",0.537,0.023,"4","2",0.25,0,"2","4","3","3"
"158","FB",1,"11",0.537,0.023,"4","2",0.25,0,"2","4","3","3"
"158","LR",0,"11",0.537,0.023,"4","2",0.25,0,"2","4","3","3"
"158","LR",0,"11",0.537,0.023,"4","2",0.25,0,"2","4","3","3"
"158","LR",0,"11",0.537,0.023,"4","2",0.25,0,"2","4","3","3"
"158","LR",0,"11",0.537,0.023,"4","2",0.25,0,"2","4","3","3"
"159","FB",0,"23",0,0.592,"2","3",0,0.5,"4","2","5","4"
"159","FB",0,"23",0,0.592,"2","3",0,0.5,"4","2","5","4"
"159","FB",0,"23",0,0.592,"2","3",0,0.5,"4","2","5","4"
"159","FB",0,"23",0,0.592,"2","3",0,0.5,"4","2","5","4"
"159","LR",0,"23",0,0.592,"2","3",0,0.5,"4","2","5","4"
"159","LR",0,"23",0,0.592,"2","3",0,0.5,"4","2","5","4"
"159","LR",1,"23",0,0.592,"2","3",0,0.5,"4","2","5","4"
"159","LR",1,"23",0,0.592,"2","3",0,0.5,"4","2","5","4"
"160","FB",0,"23",0,0.468,"2","3",0,0.75,"4","2","5","4"
"160","FB",0,"23",0,0.468,"2","3",0,0.75,"4","2","5","4"
"160","FB",0,"23",0,0.468,"2","3",0,0.75,"4","2","5","4"
"160","FB",0,"23",0,0.468,"2","3",0,0.75,"4","2","5","4"
"160","LR",0,"23",0,0.468,"2","3",0,0.75,"4","2","5","4"
"160","LR",1,"23",0,0.468,"2","3",0,0.75,"4","2","5","4"
"160","LR",1,"23",0,0.468,"2","3",0,0.75,"4","2","5","4"
"160","LR",1,"23",0,0.468,"2","3",0,0.75,"4","2","5","4"
"161","FB",0,"15",0.495,0.954,"3","4",0.75,1,"5","3","1","1"
"161","FB",1,"15",0.495,0.954,"3","4",0.75,1,"5","3","1","1"
"161","FB",1,"15",0.495,0.954,"3","4",0.75,1,"5","3","1","1"
"161","FB",1,"15",0.495,0.954,"3","4",0.75,1,"5","3","1","1"
"161","LR",1,"15",0.495,0.954,"3","4",0.75,1,"5","3","1","1"
"161","LR",1,"15",0.495,0.954,"3","4",0.75,1,"5","3","1","1"
"161","LR",1,"15",0.495,0.954,"3","4",0.75,1,"5","3","1","1"
"161","LR",1,"15",0.495,0.954,"3","4",0.75,1,"5","3","1","1"
"162","FB",0,"3",0.936,0.547,"1","1",0.75,0.25,"1","1","6","2"
"162","FB",1,"3",0.936,0.547,"1","1",0.75,0.25,"1","1","6","2"
"162","FB",1,"3",0.936,0.547,"1","1",0.75,0.25,"1","1","6","2"
"162","FB",1,"3",0.936,0.547,"1","1",0.75,0.25,"1","1","6","2"
"162","LR",0,"3",0.936,0.547,"1","1",0.75,0.25,"1","1","6","2"
"162","LR",0,"3",0.936,0.547,"1","1",0.75,0.25,"1","1","6","2"
"162","LR",0,"3",0.936,0.547,"1","1",0.75,0.25,"1","1","6","2"
"162","LR",1,"3",0.936,0.547,"1","1",0.75,0.25,"1","1","6","2"
"163","FB",0,"11",0.476,0,"4","2",0.5,0,"2","4","3","3"
"163","FB",0,"11",0.476,0,"4","2",0.5,0,"2","4","3","3"
"163","FB",1,"11",0.476,0,"4","2",0.5,0,"2","4","3","3"
"163","FB",1,"11",0.476,0,"4","2",0.5,0,"2","4","3","3"
"163","LR",0,"11",0.476,0,"4","2",0.5,0,"2","4","3","3"
"163","LR",0,"11",0.476,0,"4","2",0.5,0,"2","4","3","3"
"163","LR",0,"11",0.476,0,"4","2",0.5,0,"2","4","3","3"
"163","LR",0,"11",0.476,0,"4","2",0.5,0,"2","4","3","3"
"164","FB",1,"3",1,0.545,"1","1",1,0.75,"1","1","2","2"
"164","FB",1,"3",1,0.545,"1","1",1,0.75,"1","1","2","2"
"164","FB",1,"3",1,0.545,"1","1",1,0.75,"1","1","2","2"
"164","FB",1,"3",1,0.545,"1","1",1,0.75,"1","1","2","2"
"164","LR",0,"3",1,0.545,"1","1",1,0.75,"1","1","2","2"
"164","LR",1,"3",1,0.545,"1","1",1,0.75,"1","1","2","2"
"164","LR",1,"3",1,0.545,"1","1",1,0.75,"1","1","2","2"
"164","LR",1,"3",1,0.545,"1","1",1,0.75,"1","1","2","2"
"165","FB",0,"15",0.441,1,"3","4",0.5,1,"3","3","4","1"
"165","FB",0,"15",0.441,1,"3","4",0.5,1,"3","3","4","1"
"165","FB",1,"15",0.441,1,"3","4",0.5,1,"3","3","4","1"
"165","FB",1,"15",0.441,1,"3","4",0.5,1,"3","3","4","1"
"165","LR",1,"15",0.441,1,"3","4",0.5,1,"3","3","4","1"
"165","LR",1,"15",0.441,1,"3","4",0.5,1,"3","3","4","1"
"165","LR",1,"15",0.441,1,"3","4",0.5,1,"3","3","4","1"
"165","LR",1,"15",0.441,1,"3","4",0.5,1,"3","3","4","1"
"166","FB",0,"15",0.458,0.962,"2","3",0,1,"3","2","5","1"
"166","FB",0,"15",0.458,0.962,"2","3",0,1,"3","2","5","1"
"166","FB",0,"15",0.458,0.962,"2","3",0,1,"3","2","5","1"
"166","FB",0,"15",0.458,0.962,"2","3",0,1,"3","2","5","1"
"166","LR",1,"15",0.458,0.962,"2","3",0,1,"3","2","5","1"
"166","LR",1,"15",0.458,0.962,"2","3",0,1,"3","2","5","1"
"166","LR",1,"15",0.458,0.962,"2","3",0,1,"3","2","5","1"
"166","LR",1,"15",0.458,0.962,"2","3",0,1,"3","2","5","1"
"167","FB",1,"11",0.508,0.042,"1","1",1,0,"6","1","2","3"
"167","FB",1,"11",0.508,0.042,"1","1",1,0,"6","1","2","3"
"167","FB",1,"11",0.508,0.042,"1","1",1,0,"6","1","2","3"
"167","FB",1,"11",0.508,0.042,"1","1",1,0,"6","1","2","3"
"167","LR",0,"11",0.508,0.042,"1","1",1,0,"6","1","2","3"
"167","LR",0,"11",0.508,0.042,"1","1",1,0,"6","1","2","3"
"167","LR",0,"11",0.508,0.042,"1","1",1,0,"6","1","2","3"
"167","LR",0,"11",0.508,0.042,"1","1",1,0,"6","1","2","3"
"168","FB",0,"11",0.519,0,"4","2",0.5,0,"2","4","3","3"
"168","FB",0,"11",0.519,0,"4","2",0.5,0,"2","4","3","3"
"168","FB",1,"11",0.519,0,"4","2",0.5,0,"2","4","3","3"
"168","FB",1,"11",0.519,0,"4","2",0.5,0,"2","4","3","3"
"168","LR",0,"11",0.519,0,"4","2",0.5,0,"2","4","3","3"
"168","LR",0,"11",0.519,0,"4","2",0.5,0,"2","4","3","3"
"168","LR",0,"11",0.519,0,"4","2",0.5,0,"2","4","3","3"
"168","LR",0,"11",0.519,0,"4","2",0.5,0,"2","4","3","3"
"169","FB",0,"15",0.519,0.976,"3","4",0.75,1,"5","3","1","1"
"169","FB",1,"15",0.519,0.976,"3","4",0.75,1,"5","3","1","1"
"169","FB",1,"15",0.519,0.976,"3","4",0.75,1,"5","3","1","1"
"169","FB",1,"15",0.519,0.976,"3","4",0.75,1,"5","3","1","1"
"169","LR",1,"15",0.519,0.976,"3","4",0.75,1,"5","3","1","1"
"169","LR",1,"15",0.519,0.976,"3","4",0.75,1,"5","3","1","1"
"169","LR",1,"15",0.519,0.976,"3","4",0.75,1,"5","3","1","1"
"169","LR",1,"15",0.519,0.976,"3","4",0.75,1,"5","3","1","1"
"170","FB",0,"23",0,0.505,"2","3",0,0.25,"4","2","5","4"
"170","FB",0,"23",0,0.505,"2","3",0,0.25,"4","2","5","4"
"170","FB",0,"23",0,0.505,"2","3",0,0.25,"4","2","5","4"
"170","FB",0,"23",0,0.505,"2","3",0,0.25,"4","2","5","4"
"170","LR",0,"23",0,0.505,"2","3",0,0.25,"4","2","5","4"
"170","LR",0,"23",0,0.505,"2","3",0,0.25,"4","2","5","4"
"170","LR",0,"23",0,0.505,"2","3",0,0.25,"4","2","5","4"
"170","LR",1,"23",0,0.505,"2","3",0,0.25,"4","2","5","4"
"171","FB",1,"3",1,0.485,"1","1",1,0.75,"1","1","2","2"
"171","FB",1,"3",1,0.485,"1","1",1,0.75,"1","1","2","2"
"171","FB",1,"3",1,0.485,"1","1",1,0.75,"1","1","2","2"
"171","FB",1,"3",1,0.485,"1","1",1,0.75,"1","1","2","2"
"171","LR",0,"3",1,0.485,"1","1",1,0.75,"1","1","2","2"
"171","LR",1,"3",1,0.485,"1","1",1,0.75,"1","1","2","2"
"171","LR",1,"3",1,0.485,"1","1",1,0.75,"1","1","2","2"
"171","LR",1,"3",1,0.485,"1","1",1,0.75,"1","1","2","2"
"172","FB",1,"3",1,0.519,"1","1",1,0.5,"1","1","2","2"
"172","FB",1,"3",1,0.519,"1","1",1,0.5,"1","1","2","2"
"172","FB",1,"3",1,0.519,"1","1",1,0.5,"1","1","2","2"
"172","FB",1,"3",1,0.519,"1","1",1,0.5,"1","1","2","2"
"172","LR",0,"3",1,0.519,"1","1",1,0.5,"1","1","2","2"
"172","LR",0,"3",1,0.519,"1","1",1,0.5,"1","1","2","2"
"172","LR",1,"3",1,0.519,"1","1",1,0.5,"1","1","2","2"
"172","LR",1,"3",1,0.519,"1","1",1,0.5,"1","1","2","2"
"173","FB",0,"15",0.471,1,"3","4",0.5,1,"3","3","4","1"
"173","FB",0,"15",0.471,1,"3","4",0.5,1,"3","3","4","1"
"173","FB",1,"15",0.471,1,"3","4",0.5,1,"3","3","4","1"
"173","FB",1,"15",0.471,1,"3","4",0.5,1,"3","3","4","1"
"173","LR",1,"15",0.471,1,"3","4",0.5,1,"3","3","4","1"
"173","LR",1,"15",0.471,1,"3","4",0.5,1,"3","3","4","1"
"173","LR",1,"15",0.471,1,"3","4",0.5,1,"3","3","4","1"
"173","LR",1,"15",0.471,1,"3","4",0.5,1,"3","3","4","1"
"174","FB",0,"15",0.54,1,"3","4",0.75,1,"5","3","1","1"
"174","FB",1,"15",0.54,1,"3","4",0.75,1,"5","3","1","1"
"174","FB",1,"15",0.54,1,"3","4",0.75,1,"5","3","1","1"
"174","FB",1,"15",0.54,1,"3","4",0.75,1,"5","3","1","1"
"174","LR",1,"15",0.54,1,"3","4",0.75,1,"5","3","1","1"
"174","LR",1,"15",0.54,1,"3","4",0.75,1,"5","3","1","1"
"174","LR",1,"15",0.54,1,"3","4",0.75,1,"5","3","1","1"
"174","LR",1,"15",0.54,1,"3","4",0.75,1,"5","3","1","1"
"175","FB",1,"3",0.98,0.447,"1","1",1,0,"6","1","2","3"
"175","FB",1,"3",0.98,0.447,"1","1",1,0,"6","1","2","3"
"175","FB",1,"3",0.98,0.447,"1","1",1,0,"6","1","2","3"
"175","FB",1,"3",0.98,0.447,"1","1",1,0,"6","1","2","3"
"175","LR",0,"3",0.98,0.447,"1","1",1,0,"6","1","2","3"
"175","LR",0,"3",0.98,0.447,"1","1",1,0,"6","1","2","3"
"175","LR",0,"3",0.98,0.447,"1","1",1,0,"6","1","2","3"
"175","LR",0,"3",0.98,0.447,"1","1",1,0,"6","1","2","3"
"176","FB",0,"23",0,0.515,"2","3",0,0.75,"4","2","5","4"
"176","FB",0,"23",0,0.515,"2","3",0,0.75,"4","2","5","4"
"176","FB",0,"23",0,0.515,"2","3",0,0.75,"4","2","5","4"
"176","FB",0,"23",0,0.515,"2","3",0,0.75,"4","2","5","4"
"176","LR",0,"23",0,0.515,"2","3",0,0.75,"4","2","5","4"
"176","LR",1,"23",0,0.515,"2","3",0,0.75,"4","2","5","4"
"176","LR",1,"23",0,0.515,"2","3",0,0.75,"4","2","5","4"
"176","LR",1,"23",0,0.515,"2","3",0,0.75,"4","2","5","4"
"177","FB",1,"15",0.458,1,"3","4",1,1,"5","1","2","1"
"177","FB",1,"15",0.458,1,"3","4",1,1,"5","1","2","1"
"177","FB",1,"15",0.458,1,"3","4",1,1,"5","1","2","1"
"177","FB",1,"15",0.458,1,"3","4",1,1,"5","1","2","1"
"177","LR",1,"15",0.458,1,"3","4",1,1,"5","1","2","1"
"177","LR",1,"15",0.458,1,"3","4",1,1,"5","1","2","1"
"177","LR",1,"15",0.458,1,"3","4",1,1,"5","1","2","1"
"177","LR",1,"15",0.458,1,"3","4",1,1,"5","1","2","1"
"178","FB",0,"15",0.499,1,"3","4",0.75,1,"5","3","1","1"
"178","FB",1,"15",0.499,1,"3","4",0.75,1,"5","3","1","1"
"178","FB",1,"15",0.499,1,"3","4",0.75,1,"5","3","1","1"
"178","FB",1,"15",0.499,1,"3","4",0.75,1,"5","3","1","1"
"178","LR",1,"15",0.499,1,"3","4",0.75,1,"5","3","1","1"
"178","LR",1,"15",0.499,1,"3","4",0.75,1,"5","3","1","1"
"178","LR",1,"15",0.499,1,"3","4",0.75,1,"5","3","1","1"
"178","LR",1,"15",0.499,1,"3","4",0.75,1,"5","3","1","1"
"179","FB",1,"3",1,0.471,"1","1",1,0.25,"1","1","2","2"
"179","FB",1,"3",1,0.471,"1","1",1,0.25,"1","1","2","2"
"179","FB",1,"3",1,0.471,"1","1",1,0.25,"1","1","2","2"
"179","FB",1,"3",1,0.471,"1","1",1,0.25,"1","1","2","2"
"179","LR",0,"3",1,0.471,"1","1",1,0.25,"1","1","2","2"
"179","LR",0,"3",1,0.471,"1","1",1,0.25,"1","1","2","2"
"179","LR",0,"3",1,0.471,"1","1",1,0.25,"1","1","2","2"
"179","LR",1,"3",1,0.471,"1","1",1,0.25,"1","1","2","2"
"180","FB",0,"23",0,0.522,"2","3",0,0.5,"4","2","5","4"
"180","FB",0,"23",0,0.522,"2","3",0,0.5,"4","2","5","4"
"180","FB",0,"23",0,0.522,"2","3",0,0.5,"4","2","5","4"
"180","FB",0,"23",0,0.522,"2","3",0,0.5,"4","2","5","4"
"180","LR",0,"23",0,0.522,"2","3",0,0.5,"4","2","5","4"
"180","LR",0,"23",0,0.522,"2","3",0,0.5,"4","2","5","4"
"180","LR",1,"23",0,0.522,"2","3",0,0.5,"4","2","5","4"
"180","LR",1,"23",0,0.522,"2","3",0,0.5,"4","2","5","4"
"181","FB",0,"23",0.043,0.54,"2","3",0,1,"3","2","5","1"
"181","FB",0,"23",0.043,0.54,"2","3",0,1,"3","2","5","1"
"181","FB",0,"23",0.043,0.54,"2","3",0,1,"3","2","5","1"
"181","FB",0,"23",0.043,0.54,"2","3",0,1,"3","2","5","1"
"181","LR",1,"23",0.043,0.54,"2","3",0,1,"3","2","5","1"
"181","LR",1,"23",0.043,0.54,"2","3",0,1,"3","2","5","1"
"181","LR",1,"23",0.043,0.54,"2","3",0,1,"3","2","5","1"
"181","LR",1,"23",0.043,0.54,"2","3",0,1,"3","2","5","1"
"182","FB",0,"15",0.542,0.973,"3","4",0.75,1,"5","3","1","1"
"182","FB",1,"15",0.542,0.973,"3","4",0.75,1,"5","3","1","1"
"182","FB",1,"15",0.542,0.973,"3","4",0.75,1,"5","3","1","1"
"182","FB",1,"15",0.542,0.973,"3","4",0.75,1,"5","3","1","1"
"182","LR",1,"15",0.542,0.973,"3","4",0.75,1,"5","3","1","1"
"182","LR",1,"15",0.542,0.973,"3","4",0.75,1,"5","3","1","1"
"182","LR",1,"15",0.542,0.973,"3","4",0.75,1,"5","3","1","1"
"182","LR",1,"15",0.542,0.973,"3","4",0.75,1,"5","3","1","1"
"183","FB",0,"15",0.567,1,"3","4",0.5,1,"3","3","4","1"
"183","FB",0,"15",0.567,1,"3","4",0.5,1,"3","3","4","1"
"183","FB",1,"15",0.567,1,"3","4",0.5,1,"3","3","4","1"
"183","FB",1,"15",0.567,1,"3","4",0.5,1,"3","3","4","1"
"183","LR",1,"15",0.567,1,"3","4",0.5,1,"3","3","4","1"
"183","LR",1,"15",0.567,1,"3","4",0.5,1,"3","3","4","1"
"183","LR",1,"15",0.567,1,"3","4",0.5,1,"3","3","4","1"
"183","LR",1,"15",0.567,1,"3","4",0.5,1,"3","3","4","1"
"184","FB",0,"3",0.948,0.532,"3","4",0.75,0.75,"5","3","1","2"
"184","FB",1,"3",0.948,0.532,"3","4",0.75,0.75,"5","3","1","2"
"184","FB",1,"3",0.948,0.532,"3","4",0.75,0.75,"5","3","1","2"
"184","FB",1,"3",0.948,0.532,"3","4",0.75,0.75,"5","3","1","2"
"184","LR",0,"3",0.948,0.532,"3","4",0.75,0.75,"5","3","1","2"
"184","LR",1,"3",0.948,0.532,"3","4",0.75,0.75,"5","3","1","2"
"184","LR",1,"3",0.948,0.532,"3","4",0.75,0.75,"5","3","1","2"
"184","LR",1,"3",0.948,0.532,"3","4",0.75,0.75,"5","3","1","2"
"185","FB",1,"3",1,0.532,"1","1",1,0.25,"1","1","2","2"
"185","FB",1,"3",1,0.532,"1","1",1,0.25,"1","1","2","2"
"185","FB",1,"3",1,0.532,"1","1",1,0.25,"1","1","2","2"
"185","FB",1,"3",1,0.532,"1","1",1,0.25,"1","1","2","2"
"185","LR",0,"3",1,0.532,"1","1",1,0.25,"1","1","2","2"
"185","LR",0,"3",1,0.532,"1","1",1,0.25,"1","1","2","2"
"185","LR",0,"3",1,0.532,"1","1",1,0.25,"1","1","2","2"
"185","LR",1,"3",1,0.532,"1","1",1,0.25,"1","1","2","2"
"186","FB",0,"15",0.38,1,"3","4",0.25,1,"3","3","4","1"
"186","FB",0,"15",0.38,1,"3","4",0.25,1,"3","3","4","1"
"186","FB",0,"15",0.38,1,"3","4",0.25,1,"3","3","4","1"
"186","FB",1,"15",0.38,1,"3","4",0.25,1,"3","3","4","1"
"186","LR",1,"15",0.38,1,"3","4",0.25,1,"3","3","4","1"
"186","LR",1,"15",0.38,1,"3","4",0.25,1,"3","3","4","1"
"186","LR",1,"15",0.38,1,"3","4",0.25,1,"3","3","4","1"
"186","LR",1,"15",0.38,1,"3","4",0.25,1,"3","3","4","1"
"187","FB",1,"3",1,0.389,"1","1",1,0.25,"1","1","2","2"
"187","FB",1,"3",1,0.389,"1","1",1,0.25,"1","1","2","2"
"187","FB",1,"3",1,0.389,"1","1",1,0.25,"1","1","2","2"
"187","FB",1,"3",1,0.389,"1","1",1,0.25,"1","1","2","2"
"187","LR",0,"3",1,0.389,"1","1",1,0.25,"1","1","2","2"
"187","LR",0,"3",1,0.389,"1","1",1,0.25,"1","1","2","2"
"187","LR",0,"3",1,0.389,"1","1",1,0.25,"1","1","2","2"
"187","LR",1,"3",1,0.389,"1","1",1,0.25,"1","1","2","2"
"188","FB",0,"11",0.431,0,"4","2",0.5,0,"2","4","3","3"
"188","FB",0,"11",0.431,0,"4","2",0.5,0,"2","4","3","3"
"188","FB",1,"11",0.431,0,"4","2",0.5,0,"2","4","3","3"
"188","FB",1,"11",0.431,0,"4","2",0.5,0,"2","4","3","3"
"188","LR",0,"11",0.431,0,"4","2",0.5,0,"2","4","3","3"
"188","LR",0,"11",0.431,0,"4","2",0.5,0,"2","4","3","3"
"188","LR",0,"11",0.431,0,"4","2",0.5,0,"2","4","3","3"
"188","LR",0,"11",0.431,0,"4","2",0.5,0,"2","4","3","3"
"189","FB",0,"15",0.496,0.959,"3","4",0.25,1,"3","3","4","1"
"189","FB",0,"15",0.496,0.959,"3","4",0.25,1,"3","3","4","1"
"189","FB",0,"15",0.496,0.959,"3","4",0.25,1,"3","3","4","1"
"189","FB",1,"15",0.496,0.959,"3","4",0.25,1,"3","3","4","1"
"189","LR",1,"15",0.496,0.959,"3","4",0.25,1,"3","3","4","1"
"189","LR",1,"15",0.496,0.959,"3","4",0.25,1,"3","3","4","1"
"189","LR",1,"15",0.496,0.959,"3","4",0.25,1,"3","3","4","1"
"189","LR",1,"15",0.496,0.959,"3","4",0.25,1,"3","3","4","1"
"190","FB",1,"11",0.524,0,"1","1",1,0,"6","1","2","3"
"190","FB",1,"11",0.524,0,"1","1",1,0,"6","1","2","3"
"190","FB",1,"11",0.524,0,"1","1",1,0,"6","1","2","3"
"190","FB",1,"11",0.524,0,"1","1",1,0,"6","1","2","3"
"190","LR",0,"11",0.524,0,"1","1",1,0,"6","1","2","3"
"190","LR",0,"11",0.524,0,"1","1",1,0,"6","1","2","3"
"190","LR",0,"11",0.524,0,"1","1",1,0,"6","1","2","3"
"190","LR",0,"11",0.524,0,"1","1",1,0,"6","1","2","3"
"191","FB",0,"23",0.06,0.521,"3","4",0.25,0.75,"3","3","4","4"
"191","FB",0,"23",0.06,0.521,"3","4",0.25,0.75,"3","3","4","4"
"191","FB",0,"23",0.06,0.521,"3","4",0.25,0.75,"3","3","4","4"
"191","FB",1,"23",0.06,0.521,"3","4",0.25,0.75,"3","3","4","4"
"191","LR",0,"23",0.06,0.521,"3","4",0.25,0.75,"3","3","4","4"
"191","LR",1,"23",0.06,0.521,"3","4",0.25,0.75,"3","3","4","4"
"191","LR",1,"23",0.06,0.521,"3","4",0.25,0.75,"3","3","4","4"
"191","LR",1,"23",0.06,0.521,"3","4",0.25,0.75,"3","3","4","4"
"192","FB",0,"23",0.021,0.45,"2","3",0,0.25,"4","2","5","4"
"192","FB",0,"23",0.021,0.45,"2","3",0,0.25,"4","2","5","4"
"192","FB",0,"23",0.021,0.45,"2","3",0,0.25,"4","2","5","4"
"192","FB",0,"23",0.021,0.45,"2","3",0,0.25,"4","2","5","4"
"192","LR",0,"23",0.021,0.45,"2","3",0,0.25,"4","2","5","4"
"192","LR",0,"23",0.021,0.45,"2","3",0,0.25,"4","2","5","4"
"192","LR",0,"23",0.021,0.45,"2","3",0,0.25,"4","2","5","4"
"192","LR",1,"23",0.021,0.45,"2","3",0,0.25,"4","2","5","4"
"193","FB",0,"11",0.476,0.021,"4","2",0.5,0,"2","4","3","3"
"193","FB",0,"11",0.476,0.021,"4","2",0.5,0,"2","4","3","3"
"193","FB",1,"11",0.476,0.021,"4","2",0.5,0,"2","4","3","3"
"193","FB",1,"11",0.476,0.021,"4","2",0.5,0,"2","4","3","3"
"193","LR",0,"11",0.476,0.021,"4","2",0.5,0,"2","4","3","3"
"193","LR",0,"11",0.476,0.021,"4","2",0.5,0,"2","4","3","3"
"193","LR",0,"11",0.476,0.021,"4","2",0.5,0,"2","4","3","3"
"193","LR",0,"11",0.476,0.021,"4","2",0.5,0,"2","4","3","3"
"194","FB",0,"23",0.023,0.593,"2","3",0,0.5,"4","2","5","4"
"194","FB",0,"23",0.023,0.593,"2","3",0,0.5,"4","2","5","4"
"194","FB",0,"23",0.023,0.593,"2","3",0,0.5,"4","2","5","4"
"194","FB",0,"23",0.023,0.593,"2","3",0,0.5,"4","2","5","4"
"194","LR",0,"23",0.023,0.593,"2","3",0,0.5,"4","2","5","4"
"194","LR",0,"23",0.023,0.593,"2","3",0,0.5,"4","2","5","4"
"194","LR",1,"23",0.023,0.593,"2","3",0,0.5,"4","2","5","4"
"194","LR",1,"23",0.023,0.593,"2","3",0,0.5,"4","2","5","4"
"195","FB",0,"11",0.488,0.044,"4","2",0.5,0,"2","4","3","3"
"195","FB",0,"11",0.488,0.044,"4","2",0.5,0,"2","4","3","3"
"195","FB",1,"11",0.488,0.044,"4","2",0.5,0,"2","4","3","3"
"195","FB",1,"11",0.488,0.044,"4","2",0.5,0,"2","4","3","3"
"195","LR",0,"11",0.488,0.044,"4","2",0.5,0,"2","4","3","3"
"195","LR",0,"11",0.488,0.044,"4","2",0.5,0,"2","4","3","3"
"195","LR",0,"11",0.488,0.044,"4","2",0.5,0,"2","4","3","3"
"195","LR",0,"11",0.488,0.044,"4","2",0.5,0,"2","4","3","3"
"196","FB",0,"15",0.522,1,"3","4",0.5,1,"3","3","4","1"
"196","FB",0,"15",0.522,1,"3","4",0.5,1,"3","3","4","1"
"196","FB",1,"15",0.522,1,"3","4",0.5,1,"3","3","4","1"
"196","FB",1,"15",0.522,1,"3","4",0.5,1,"3","3","4","1"
"196","LR",1,"15",0.522,1,"3","4",0.5,1,"3","3","4","1"
"196","LR",1,"15",0.522,1,"3","4",0.5,1,"3","3","4","1"
"196","LR",1,"15",0.522,1,"3","4",0.5,1,"3","3","4","1"
"196","LR",1,"15",0.522,1,"3","4",0.5,1,"3","3","4","1"
"197","FB",0,"23",0.069,0.582,"2","3",0,0.75,"4","2","5","4"
"197","FB",0,"23",0.069,0.582,"2","3",0,0.75,"4","2","5","4"
"197","FB",0,"23",0.069,0.582,"2","3",0,0.75,"4","2","5","4"
"197","FB",0,"23",0.069,0.582,"2","3",0,0.75,"4","2","5","4"
"197","LR",0,"23",0.069,0.582,"2","3",0,0.75,"4","2","5","4"
"197","LR",1,"23",0.069,0.582,"2","3",0,0.75,"4","2","5","4"
"197","LR",1,"23",0.069,0.582,"2","3",0,0.75,"4","2","5","4"
"197","LR",1,"23",0.069,0.582,"2","3",0,0.75,"4","2","5","4"
"198","FB",0,"15",0.465,0.976,"3","4",0.75,1,"5","3","1","1"
"198","FB",1,"15",0.465,0.976,"3","4",0.75,1,"5","3","1","1"
"198","FB",1,"15",0.465,0.976,"3","4",0.75,1,"5","3","1","1"
"198","FB",1,"15",0.465,0.976,"3","4",0.75,1,"5","3","1","1"
"198","LR",1,"15",0.465,0.976,"3","4",0.75,1,"5","3","1","1"
"198","LR",1,"15",0.465,0.976,"3","4",0.75,1,"5","3","1","1"
"198","LR",1,"15",0.465,0.976,"3","4",0.75,1,"5","3","1","1"
"198","LR",1,"15",0.465,0.976,"3","4",0.75,1,"5","3","1","1"
"199","FB",0,"11",0.521,0,"4","2",0.75,0,"6","4","6","3"
"199","FB",1,"11",0.521,0,"4","2",0.75,0,"6","4","6","3"
"199","FB",1,"11",0.521,0,"4","2",0.75,0,"6","4","6","3"
"199","FB",1,"11",0.521,0,"4","2",0.75,0,"6","4","6","3"
"199","LR",0,"11",0.521,0,"4","2",0.75,0,"6","4","6","3"
"199","LR",0,"11",0.521,0,"4","2",0.75,0,"6","4","6","3"
"199","LR",0,"11",0.521,0,"4","2",0.75,0,"6","4","6","3"
"199","LR",0,"11",0.521,0,"4","2",0.75,0,"6","4","6","3"
"200","FB",0,"15",0.477,1,"3","4",0.75,1,"5","3","1","1"
"200","FB",1,"15",0.477,1,"3","4",0.75,1,"5","3","1","1"
"200","FB",1,"15",0.477,1,"3","4",0.75,1,"5","3","1","1"
"200","FB",1,"15",0.477,1,"3","4",0.75,1,"5","3","1","1"
"200","LR",1,"15",0.477,1,"3","4",0.75,1,"5","3","1","1"
"200","LR",1,"15",0.477,1,"3","4",0.75,1,"5","3","1","1"
"200","LR",1,"15",0.477,1,"3","4",0.75,1,"5","3","1","1"
"200","LR",1,"15",0.477,1,"3","4",0.75,1,"5","3","1","1"
