"Subject","trial_type","own.cod","true_class","true_FB","true_LR","lca.class","lca.tc","fb_tend","lr_tend","glm.class","glm.tc","bbm.class","bbm.tc"
"1","FB",1,"3",0.945,0.43,"1","3",1,0.375,"1","1","1","1"
"1","FB",1,"3",0.945,0.43,"1","3",1,0.375,"1","1","1","1"
"1","FB",1,"3",0.945,0.43,"1","3",1,0.375,"1","1","1","1"
"1","FB",1,"3",0.945,0.43,"1","3",1,0.375,"1","1","1","1"
"1","FB",1,"3",0.945,0.43,"1","3",1,0.375,"1","1","1","1"
"1","FB",1,"3",0.945,0.43,"1","3",1,0.375,"1","1","1","1"
"1","FB",1,"3",0.945,0.43,"1","3",1,0.375,"1","1","1","1"
"1","FB",1,"3",0.945,0.43,"1","3",1,0.375,"1","1","1","1"
"1","LR",0,"3",0.945,0.43,"1","3",1,0.375,"1","1","1","1"
"1","LR",0,"3",0.945,0.43,"1","3",1,0.375,"1","1","1","1"
"1","LR",0,"3",0.945,0.43,"1","3",1,0.375,"1","1","1","1"
"1","LR",0,"3",0.945,0.43,"1","3",1,0.375,"1","1","1","1"
"1","LR",0,"3",0.945,0.43,"1","3",1,0.375,"1","1","1","1"
"1","LR",1,"3",0.945,0.43,"1","3",1,0.375,"1","1","1","1"
"1","LR",1,"3",0.945,0.43,"1","3",1,0.375,"1","1","1","1"
"1","LR",1,"3",0.945,0.43,"1","3",1,0.375,"1","1","1","1"
"2","FB",0,"11",0.495,0.095,"3","2",0.375,0.125,"2","2","2","3"
"2","FB",0,"11",0.495,0.095,"3","2",0.375,0.125,"2","2","2","3"
"2","FB",0,"11",0.495,0.095,"3","2",0.375,0.125,"2","2","2","3"
"2","FB",0,"11",0.495,0.095,"3","2",0.375,0.125,"2","2","2","3"
"2","FB",0,"11",0.495,0.095,"3","2",0.375,0.125,"2","2","2","3"
"2","FB",1,"11",0.495,0.095,"3","2",0.375,0.125,"2","2","2","3"
"2","FB",1,"11",0.495,0.095,"3","2",0.375,0.125,"2","2","2","3"
"2","FB",1,"11",0.495,0.095,"3","2",0.375,0.125,"2","2","2","3"
"2","LR",0,"11",0.495,0.095,"3","2",0.375,0.125,"2","2","2","3"
"2","LR",0,"11",0.495,0.095,"3","2",0.375,0.125,"2","2","2","3"
"2","LR",0,"11",0.495,0.095,"3","2",0.375,0.125,"2","2","2","3"
"2","LR",0,"11",0.495,0.095,"3","2",0.375,0.125,"2","2","2","3"
"2","LR",0,"11",0.495,0.095,"3","2",0.375,0.125,"2","2","2","3"
"2","LR",0,"11",0.495,0.095,"3","2",0.375,0.125,"2","2","2","3"
"2","LR",0,"11",0.495,0.095,"3","2",0.375,0.125,"2","2","2","3"
"2","LR",1,"11",0.495,0.095,"3","2",0.375,0.125,"2","2","2","3"
"3","FB",0,"15",0.444,1,"2","4",0.375,1,"3","3","3","2"
"3","FB",0,"15",0.444,1,"2","4",0.375,1,"3","3","3","2"
"3","FB",0,"15",0.444,1,"2","4",0.375,1,"3","3","3","2"
"3","FB",0,"15",0.444,1,"2","4",0.375,1,"3","3","3","2"
"3","FB",0,"15",0.444,1,"2","4",0.375,1,"3","3","3","2"
"3","FB",1,"15",0.444,1,"2","4",0.375,1,"3","3","3","2"
"3","FB",1,"15",0.444,1,"2","4",0.375,1,"3","3","3","2"
"3","FB",1,"15",0.444,1,"2","4",0.375,1,"3","3","3","2"
"3","LR",1,"15",0.444,1,"2","4",0.375,1,"3","3","3","2"
"3","LR",1,"15",0.444,1,"2","4",0.375,1,"3","3","3","2"
"3","LR",1,"15",0.444,1,"2","4",0.375,1,"3","3","3","2"
"3","LR",1,"15",0.444,1,"2","4",0.375,1,"3","3","3","2"
"3","LR",1,"15",0.444,1,"2","4",0.375,1,"3","3","3","2"
"3","LR",1,"15",0.444,1,"2","4",0.375,1,"3","3","3","2"
"3","LR",1,"15",0.444,1,"2","4",0.375,1,"3","3","3","2"
"3","LR",1,"15",0.444,1,"2","4",0.375,1,"3","3","3","2"
"4","FB",0,"15",0.488,1,"2","4",0.5,1,"3","3","3","2"
"4","FB",0,"15",0.488,1,"2","4",0.5,1,"3","3","3","2"
"4","FB",0,"15",0.488,1,"2","4",0.5,1,"3","3","3","2"
"4","FB",0,"15",0.488,1,"2","4",0.5,1,"3","3","3","2"
"4","FB",1,"15",0.488,1,"2","4",0.5,1,"3","3","3","2"
"4","FB",1,"15",0.488,1,"2","4",0.5,1,"3","3","3","2"
"4","FB",1,"15",0.488,1,"2","4",0.5,1,"3","3","3","2"
"4","FB",1,"15",0.488,1,"2","4",0.5,1,"3","3","3","2"
"4","LR",1,"15",0.488,1,"2","4",0.5,1,"3","3","3","2"
"4","LR",1,"15",0.488,1,"2","4",0.5,1,"3","3","3","2"
"4","LR",1,"15",0.488,1,"2","4",0.5,1,"3","3","3","2"
"4","LR",1,"15",0.488,1,"2","4",0.5,1,"3","3","3","2"
"4","LR",1,"15",0.488,1,"2","4",0.5,1,"3","3","3","2"
"4","LR",1,"15",0.488,1,"2","4",0.5,1,"3","3","3","2"
"4","LR",1,"15",0.488,1,"2","4",0.5,1,"3","3","3","2"
"4","LR",1,"15",0.488,1,"2","4",0.5,1,"3","3","3","2"
"5","FB",0,"15",0.465,1,"2","4",0.375,1,"3","3","3","2"
"5","FB",0,"15",0.465,1,"2","4",0.375,1,"3","3","3","2"
"5","FB",0,"15",0.465,1,"2","4",0.375,1,"3","3","3","2"
"5","FB",0,"15",0.465,1,"2","4",0.375,1,"3","3","3","2"
"5","FB",0,"15",0.465,1,"2","4",0.375,1,"3","3","3","2"
"5","FB",1,"15",0.465,1,"2","4",0.375,1,"3","3","3","2"
"5","FB",1,"15",0.465,1,"2","4",0.375,1,"3","3","3","2"
"5","FB",1,"15",0.465,1,"2","4",0.375,1,"3","3","3","2"
"5","LR",1,"15",0.465,1,"2","4",0.375,1,"3","3","3","2"
"5","LR",1,"15",0.465,1,"2","4",0.375,1,"3","3","3","2"
"5","LR",1,"15",0.465,1,"2","4",0.375,1,"3","3","3","2"
"5","LR",1,"15",0.465,1,"2","4",0.375,1,"3","3","3","2"
"5","LR",1,"15",0.465,1,"2","4",0.375,1,"3","3","3","2"
"5","LR",1,"15",0.465,1,"2","4",0.375,1,"3","3","3","2"
"5","LR",1,"15",0.465,1,"2","4",0.375,1,"3","3","3","2"
"5","LR",1,"15",0.465,1,"2","4",0.375,1,"3","3","3","2"
"6","FB",0,"11",0.582,0.005,"3","2",0.875,0,"4","1","4","3"
"6","FB",1,"11",0.582,0.005,"3","2",0.875,0,"4","1","4","3"
"6","FB",1,"11",0.582,0.005,"3","2",0.875,0,"4","1","4","3"
"6","FB",1,"11",0.582,0.005,"3","2",0.875,0,"4","1","4","3"
"6","FB",1,"11",0.582,0.005,"3","2",0.875,0,"4","1","4","3"
"6","FB",1,"11",0.582,0.005,"3","2",0.875,0,"4","1","4","3"
"6","FB",1,"11",0.582,0.005,"3","2",0.875,0,"4","1","4","3"
"6","FB",1,"11",0.582,0.005,"3","2",0.875,0,"4","1","4","3"
"6","LR",0,"11",0.582,0.005,"3","2",0.875,0,"4","1","4","3"
"6","LR",0,"11",0.582,0.005,"3","2",0.875,0,"4","1","4","3"
"6","LR",0,"11",0.582,0.005,"3","2",0.875,0,"4","1","4","3"
"6","LR",0,"11",0.582,0.005,"3","2",0.875,0,"4","1","4","3"
"6","LR",0,"11",0.582,0.005,"3","2",0.875,0,"4","1","4","3"
"6","LR",0,"11",0.582,0.005,"3","2",0.875,0,"4","1","4","3"
"6","LR",0,"11",0.582,0.005,"3","2",0.875,0,"4","1","4","3"
"6","LR",0,"11",0.582,0.005,"3","2",0.875,0,"4","1","4","3"
"7","FB",0,"11",0.49,0.03,"3","2",0.5,0.125,"2","2","2","3"
"7","FB",0,"11",0.49,0.03,"3","2",0.5,0.125,"2","2","2","3"
"7","FB",0,"11",0.49,0.03,"3","2",0.5,0.125,"2","2","2","3"
"7","FB",0,"11",0.49,0.03,"3","2",0.5,0.125,"2","2","2","3"
"7","FB",1,"11",0.49,0.03,"3","2",0.5,0.125,"2","2","2","3"
"7","FB",1,"11",0.49,0.03,"3","2",0.5,0.125,"2","2","2","3"
"7","FB",1,"11",0.49,0.03,"3","2",0.5,0.125,"2","2","2","3"
"7","FB",1,"11",0.49,0.03,"3","2",0.5,0.125,"2","2","2","3"
"7","LR",0,"11",0.49,0.03,"3","2",0.5,0.125,"2","2","2","3"
"7","LR",0,"11",0.49,0.03,"3","2",0.5,0.125,"2","2","2","3"
"7","LR",0,"11",0.49,0.03,"3","2",0.5,0.125,"2","2","2","3"
"7","LR",0,"11",0.49,0.03,"3","2",0.5,0.125,"2","2","2","3"
"7","LR",0,"11",0.49,0.03,"3","2",0.5,0.125,"2","2","2","3"
"7","LR",0,"11",0.49,0.03,"3","2",0.5,0.125,"2","2","2","3"
"7","LR",0,"11",0.49,0.03,"3","2",0.5,0.125,"2","2","2","3"
"7","LR",1,"11",0.49,0.03,"3","2",0.5,0.125,"2","2","2","3"
"8","FB",0,"15",0.479,0.981,"2","4",0.375,1,"3","3","3","2"
"8","FB",0,"15",0.479,0.981,"2","4",0.375,1,"3","3","3","2"
"8","FB",0,"15",0.479,0.981,"2","4",0.375,1,"3","3","3","2"
"8","FB",0,"15",0.479,0.981,"2","4",0.375,1,"3","3","3","2"
"8","FB",0,"15",0.479,0.981,"2","4",0.375,1,"3","3","3","2"
"8","FB",1,"15",0.479,0.981,"2","4",0.375,1,"3","3","3","2"
"8","FB",1,"15",0.479,0.981,"2","4",0.375,1,"3","3","3","2"
"8","FB",1,"15",0.479,0.981,"2","4",0.375,1,"3","3","3","2"
"8","LR",1,"15",0.479,0.981,"2","4",0.375,1,"3","3","3","2"
"8","LR",1,"15",0.479,0.981,"2","4",0.375,1,"3","3","3","2"
"8","LR",1,"15",0.479,0.981,"2","4",0.375,1,"3","3","3","2"
"8","LR",1,"15",0.479,0.981,"2","4",0.375,1,"3","3","3","2"
"8","LR",1,"15",0.479,0.981,"2","4",0.375,1,"3","3","3","2"
"8","LR",1,"15",0.479,0.981,"2","4",0.375,1,"3","3","3","2"
"8","LR",1,"15",0.479,0.981,"2","4",0.375,1,"3","3","3","2"
"8","LR",1,"15",0.479,0.981,"2","4",0.375,1,"3","3","3","2"
"9","FB",1,"3",0.957,0.527,"1","3",1,0.375,"1","1","1","1"
"9","FB",1,"3",0.957,0.527,"1","3",1,0.375,"1","1","1","1"
"9","FB",1,"3",0.957,0.527,"1","3",1,0.375,"1","1","1","1"
"9","FB",1,"3",0.957,0.527,"1","3",1,0.375,"1","1","1","1"
"9","FB",1,"3",0.957,0.527,"1","3",1,0.375,"1","1","1","1"
"9","FB",1,"3",0.957,0.527,"1","3",1,0.375,"1","1","1","1"
"9","FB",1,"3",0.957,0.527,"1","3",1,0.375,"1","1","1","1"
"9","FB",1,"3",0.957,0.527,"1","3",1,0.375,"1","1","1","1"
"9","LR",0,"3",0.957,0.527,"1","3",1,0.375,"1","1","1","1"
"9","LR",0,"3",0.957,0.527,"1","3",1,0.375,"1","1","1","1"
"9","LR",0,"3",0.957,0.527,"1","3",1,0.375,"1","1","1","1"
"9","LR",0,"3",0.957,0.527,"1","3",1,0.375,"1","1","1","1"
"9","LR",0,"3",0.957,0.527,"1","3",1,0.375,"1","1","1","1"
"9","LR",1,"3",0.957,0.527,"1","3",1,0.375,"1","1","1","1"
"9","LR",1,"3",0.957,0.527,"1","3",1,0.375,"1","1","1","1"
"9","LR",1,"3",0.957,0.527,"1","3",1,0.375,"1","1","1","1"
"10","FB",0,"15",0.505,0.959,"2","4",0.5,1,"3","3","3","2"
"10","FB",0,"15",0.505,0.959,"2","4",0.5,1,"3","3","3","2"
"10","FB",0,"15",0.505,0.959,"2","4",0.5,1,"3","3","3","2"
"10","FB",0,"15",0.505,0.959,"2","4",0.5,1,"3","3","3","2"
"10","FB",1,"15",0.505,0.959,"2","4",0.5,1,"3","3","3","2"
"10","FB",1,"15",0.505,0.959,"2","4",0.5,1,"3","3","3","2"
"10","FB",1,"15",0.505,0.959,"2","4",0.5,1,"3","3","3","2"
"10","FB",1,"15",0.505,0.959,"2","4",0.5,1,"3","3","3","2"
"10","LR",1,"15",0.505,0.959,"2","4",0.5,1,"3","3","3","2"
"10","LR",1,"15",0.505,0.959,"2","4",0.5,1,"3","3","3","2"
"10","LR",1,"15",0.505,0.959,"2","4",0.5,1,"3","3","3","2"
"10","LR",1,"15",0.505,0.959,"2","4",0.5,1,"3","3","3","2"
"10","LR",1,"15",0.505,0.959,"2","4",0.5,1,"3","3","3","2"
"10","LR",1,"15",0.505,0.959,"2","4",0.5,1,"3","3","3","2"
"10","LR",1,"15",0.505,0.959,"2","4",0.5,1,"3","3","3","2"
"10","LR",1,"15",0.505,0.959,"2","4",0.5,1,"3","3","3","2"
"11","FB",0,"11",0.488,0.055,"3","2",0.625,0,"2","2","4","3"
"11","FB",0,"11",0.488,0.055,"3","2",0.625,0,"2","2","4","3"
"11","FB",0,"11",0.488,0.055,"3","2",0.625,0,"2","2","4","3"
"11","FB",1,"11",0.488,0.055,"3","2",0.625,0,"2","2","4","3"
"11","FB",1,"11",0.488,0.055,"3","2",0.625,0,"2","2","4","3"
"11","FB",1,"11",0.488,0.055,"3","2",0.625,0,"2","2","4","3"
"11","FB",1,"11",0.488,0.055,"3","2",0.625,0,"2","2","4","3"
"11","FB",1,"11",0.488,0.055,"3","2",0.625,0,"2","2","4","3"
"11","LR",0,"11",0.488,0.055,"3","2",0.625,0,"2","2","4","3"
"11","LR",0,"11",0.488,0.055,"3","2",0.625,0,"2","2","4","3"
"11","LR",0,"11",0.488,0.055,"3","2",0.625,0,"2","2","4","3"
"11","LR",0,"11",0.488,0.055,"3","2",0.625,0,"2","2","4","3"
"11","LR",0,"11",0.488,0.055,"3","2",0.625,0,"2","2","4","3"
"11","LR",0,"11",0.488,0.055,"3","2",0.625,0,"2","2","4","3"
"11","LR",0,"11",0.488,0.055,"3","2",0.625,0,"2","2","4","3"
"11","LR",0,"11",0.488,0.055,"3","2",0.625,0,"2","2","4","3"
"12","FB",0,"11",0.56,0,"3","2",0.5,0,"2","2","4","3"
"12","FB",0,"11",0.56,0,"3","2",0.5,0,"2","2","4","3"
"12","FB",0,"11",0.56,0,"3","2",0.5,0,"2","2","4","3"
"12","FB",0,"11",0.56,0,"3","2",0.5,0,"2","2","4","3"
"12","FB",1,"11",0.56,0,"3","2",0.5,0,"2","2","4","3"
"12","FB",1,"11",0.56,0,"3","2",0.5,0,"2","2","4","3"
"12","FB",1,"11",0.56,0,"3","2",0.5,0,"2","2","4","3"
"12","FB",1,"11",0.56,0,"3","2",0.5,0,"2","2","4","3"
"12","LR",0,"11",0.56,0,"3","2",0.5,0,"2","2","4","3"
"12","LR",0,"11",0.56,0,"3","2",0.5,0,"2","2","4","3"
"12","LR",0,"11",0.56,0,"3","2",0.5,0,"2","2","4","3"
"12","LR",0,"11",0.56,0,"3","2",0.5,0,"2","2","4","3"
"12","LR",0,"11",0.56,0,"3","2",0.5,0,"2","2","4","3"
"12","LR",0,"11",0.56,0,"3","2",0.5,0,"2","2","4","3"
"12","LR",0,"11",0.56,0,"3","2",0.5,0,"2","2","4","3"
"12","LR",0,"11",0.56,0,"3","2",0.5,0,"2","2","4","3"
"13","FB",0,"23",0,0.399,"4","1",0,0.25,"5","4","5","4"
"13","FB",0,"23",0,0.399,"4","1",0,0.25,"5","4","5","4"
"13","FB",0,"23",0,0.399,"4","1",0,0.25,"5","4","5","4"
"13","FB",0,"23",0,0.399,"4","1",0,0.25,"5","4","5","4"
"13","FB",0,"23",0,0.399,"4","1",0,0.25,"5","4","5","4"
"13","FB",0,"23",0,0.399,"4","1",0,0.25,"5","4","5","4"
"13","FB",0,"23",0,0.399,"4","1",0,0.25,"5","4","5","4"
"13","FB",0,"23",0,0.399,"4","1",0,0.25,"5","4","5","4"
"13","LR",0,"23",0,0.399,"4","1",0,0.25,"5","4","5","4"
"13","LR",0,"23",0,0.399,"4","1",0,0.25,"5","4","5","4"
"13","LR",0,"23",0,0.399,"4","1",0,0.25,"5","4","5","4"
"13","LR",0,"23",0,0.399,"4","1",0,0.25,"5","4","5","4"
"13","LR",0,"23",0,0.399,"4","1",0,0.25,"5","4","5","4"
"13","LR",0,"23",0,0.399,"4","1",0,0.25,"5","4","5","4"
"13","LR",1,"23",0,0.399,"4","1",0,0.25,"5","4","5","4"
"13","LR",1,"23",0,0.399,"4","1",0,0.25,"5","4","5","4"
"14","FB",0,"15",0.454,1,"2","4",0.625,1,"3","3","3","2"
"14","FB",0,"15",0.454,1,"2","4",0.625,1,"3","3","3","2"
"14","FB",0,"15",0.454,1,"2","4",0.625,1,"3","3","3","2"
"14","FB",1,"15",0.454,1,"2","4",0.625,1,"3","3","3","2"
"14","FB",1,"15",0.454,1,"2","4",0.625,1,"3","3","3","2"
"14","FB",1,"15",0.454,1,"2","4",0.625,1,"3","3","3","2"
"14","FB",1,"15",0.454,1,"2","4",0.625,1,"3","3","3","2"
"14","FB",1,"15",0.454,1,"2","4",0.625,1,"3","3","3","2"
"14","LR",1,"15",0.454,1,"2","4",0.625,1,"3","3","3","2"
"14","LR",1,"15",0.454,1,"2","4",0.625,1,"3","3","3","2"
"14","LR",1,"15",0.454,1,"2","4",0.625,1,"3","3","3","2"
"14","LR",1,"15",0.454,1,"2","4",0.625,1,"3","3","3","2"
"14","LR",1,"15",0.454,1,"2","4",0.625,1,"3","3","3","2"
"14","LR",1,"15",0.454,1,"2","4",0.625,1,"3","3","3","2"
"14","LR",1,"15",0.454,1,"2","4",0.625,1,"3","3","3","2"
"14","LR",1,"15",0.454,1,"2","4",0.625,1,"3","3","3","2"
"15","FB",1,"3",1,0.465,"1","3",1,0.625,"1","1","1","1"
"15","FB",1,"3",1,0.465,"1","3",1,0.625,"1","1","1","1"
"15","FB",1,"3",1,0.465,"1","3",1,0.625,"1","1","1","1"
"15","FB",1,"3",1,0.465,"1","3",1,0.625,"1","1","1","1"
"15","FB",1,"3",1,0.465,"1","3",1,0.625,"1","1","1","1"
"15","FB",1,"3",1,0.465,"1","3",1,0.625,"1","1","1","1"
"15","FB",1,"3",1,0.465,"1","3",1,0.625,"1","1","1","1"
"15","FB",1,"3",1,0.465,"1","3",1,0.625,"1","1","1","1"
"15","LR",0,"3",1,0.465,"1","3",1,0.625,"1","1","1","1"
"15","LR",0,"3",1,0.465,"1","3",1,0.625,"1","1","1","1"
"15","LR",0,"3",1,0.465,"1","3",1,0.625,"1","1","1","1"
"15","LR",1,"3",1,0.465,"1","3",1,0.625,"1","1","1","1"
"15","LR",1,"3",1,0.465,"1","3",1,0.625,"1","1","1","1"
"15","LR",1,"3",1,0.465,"1","3",1,0.625,"1","1","1","1"
"15","LR",1,"3",1,0.465,"1","3",1,0.625,"1","1","1","1"
"15","LR",1,"3",1,0.465,"1","3",1,0.625,"1","1","1","1"
"16","FB",0,"15",0.468,1,"2","4",0.5,1,"3","3","3","2"
"16","FB",0,"15",0.468,1,"2","4",0.5,1,"3","3","3","2"
"16","FB",0,"15",0.468,1,"2","4",0.5,1,"3","3","3","2"
"16","FB",0,"15",0.468,1,"2","4",0.5,1,"3","3","3","2"
"16","FB",1,"15",0.468,1,"2","4",0.5,1,"3","3","3","2"
"16","FB",1,"15",0.468,1,"2","4",0.5,1,"3","3","3","2"
"16","FB",1,"15",0.468,1,"2","4",0.5,1,"3","3","3","2"
"16","FB",1,"15",0.468,1,"2","4",0.5,1,"3","3","3","2"
"16","LR",1,"15",0.468,1,"2","4",0.5,1,"3","3","3","2"
"16","LR",1,"15",0.468,1,"2","4",0.5,1,"3","3","3","2"
"16","LR",1,"15",0.468,1,"2","4",0.5,1,"3","3","3","2"
"16","LR",1,"15",0.468,1,"2","4",0.5,1,"3","3","3","2"
"16","LR",1,"15",0.468,1,"2","4",0.5,1,"3","3","3","2"
"16","LR",1,"15",0.468,1,"2","4",0.5,1,"3","3","3","2"
"16","LR",1,"15",0.468,1,"2","4",0.5,1,"3","3","3","2"
"16","LR",1,"15",0.468,1,"2","4",0.5,1,"3","3","3","2"
"17","FB",0,"15",0.542,1,"2","4",0.375,1,"3","3","3","2"
"17","FB",0,"15",0.542,1,"2","4",0.375,1,"3","3","3","2"
"17","FB",0,"15",0.542,1,"2","4",0.375,1,"3","3","3","2"
"17","FB",0,"15",0.542,1,"2","4",0.375,1,"3","3","3","2"
"17","FB",0,"15",0.542,1,"2","4",0.375,1,"3","3","3","2"
"17","FB",1,"15",0.542,1,"2","4",0.375,1,"3","3","3","2"
"17","FB",1,"15",0.542,1,"2","4",0.375,1,"3","3","3","2"
"17","FB",1,"15",0.542,1,"2","4",0.375,1,"3","3","3","2"
"17","LR",1,"15",0.542,1,"2","4",0.375,1,"3","3","3","2"
"17","LR",1,"15",0.542,1,"2","4",0.375,1,"3","3","3","2"
"17","LR",1,"15",0.542,1,"2","4",0.375,1,"3","3","3","2"
"17","LR",1,"15",0.542,1,"2","4",0.375,1,"3","3","3","2"
"17","LR",1,"15",0.542,1,"2","4",0.375,1,"3","3","3","2"
"17","LR",1,"15",0.542,1,"2","4",0.375,1,"3","3","3","2"
"17","LR",1,"15",0.542,1,"2","4",0.375,1,"3","3","3","2"
"17","LR",1,"15",0.542,1,"2","4",0.375,1,"3","3","3","2"
"18","FB",0,"11",0.523,0,"3","2",0.625,0,"2","2","4","3"
"18","FB",0,"11",0.523,0,"3","2",0.625,0,"2","2","4","3"
"18","FB",0,"11",0.523,0,"3","2",0.625,0,"2","2","4","3"
"18","FB",1,"11",0.523,0,"3","2",0.625,0,"2","2","4","3"
"18","FB",1,"11",0.523,0,"3","2",0.625,0,"2","2","4","3"
"18","FB",1,"11",0.523,0,"3","2",0.625,0,"2","2","4","3"
"18","FB",1,"11",0.523,0,"3","2",0.625,0,"2","2","4","3"
"18","FB",1,"11",0.523,0,"3","2",0.625,0,"2","2","4","3"
"18","LR",0,"11",0.523,0,"3","2",0.625,0,"2","2","4","3"
"18","LR",0,"11",0.523,0,"3","2",0.625,0,"2","2","4","3"
"18","LR",0,"11",0.523,0,"3","2",0.625,0,"2","2","4","3"
"18","LR",0,"11",0.523,0,"3","2",0.625,0,"2","2","4","3"
"18","LR",0,"11",0.523,0,"3","2",0.625,0,"2","2","4","3"
"18","LR",0,"11",0.523,0,"3","2",0.625,0,"2","2","4","3"
"18","LR",0,"11",0.523,0,"3","2",0.625,0,"2","2","4","3"
"18","LR",0,"11",0.523,0,"3","2",0.625,0,"2","2","4","3"
"19","FB",0,"11",0.423,0,"3","2",0.5,0,"2","2","4","3"
"19","FB",0,"11",0.423,0,"3","2",0.5,0,"2","2","4","3"
"19","FB",0,"11",0.423,0,"3","2",0.5,0,"2","2","4","3"
"19","FB",0,"11",0.423,0,"3","2",0.5,0,"2","2","4","3"
"19","FB",1,"11",0.423,0,"3","2",0.5,0,"2","2","4","3"
"19","FB",1,"11",0.423,0,"3","2",0.5,0,"2","2","4","3"
"19","FB",1,"11",0.423,0,"3","2",0.5,0,"2","2","4","3"
"19","FB",1,"11",0.423,0,"3","2",0.5,0,"2","2","4","3"
"19","LR",0,"11",0.423,0,"3","2",0.5,0,"2","2","4","3"
"19","LR",0,"11",0.423,0,"3","2",0.5,0,"2","2","4","3"
"19","LR",0,"11",0.423,0,"3","2",0.5,0,"2","2","4","3"
"19","LR",0,"11",0.423,0,"3","2",0.5,0,"2","2","4","3"
"19","LR",0,"11",0.423,0,"3","2",0.5,0,"2","2","4","3"
"19","LR",0,"11",0.423,0,"3","2",0.5,0,"2","2","4","3"
"19","LR",0,"11",0.423,0,"3","2",0.5,0,"2","2","4","3"
"19","LR",0,"11",0.423,0,"3","2",0.5,0,"2","2","4","3"
"20","FB",0,"15",0.468,0.999,"2","4",0.5,1,"3","3","3","2"
"20","FB",0,"15",0.468,0.999,"2","4",0.5,1,"3","3","3","2"
"20","FB",0,"15",0.468,0.999,"2","4",0.5,1,"3","3","3","2"
"20","FB",0,"15",0.468,0.999,"2","4",0.5,1,"3","3","3","2"
"20","FB",1,"15",0.468,0.999,"2","4",0.5,1,"3","3","3","2"
"20","FB",1,"15",0.468,0.999,"2","4",0.5,1,"3","3","3","2"
"20","FB",1,"15",0.468,0.999,"2","4",0.5,1,"3","3","3","2"
"20","FB",1,"15",0.468,0.999,"2","4",0.5,1,"3","3","3","2"
"20","LR",1,"15",0.468,0.999,"2","4",0.5,1,"3","3","3","2"
"20","LR",1,"15",0.468,0.999,"2","4",0.5,1,"3","3","3","2"
"20","LR",1,"15",0.468,0.999,"2","4",0.5,1,"3","3","3","2"
"20","LR",1,"15",0.468,0.999,"2","4",0.5,1,"3","3","3","2"
"20","LR",1,"15",0.468,0.999,"2","4",0.5,1,"3","3","3","2"
"20","LR",1,"15",0.468,0.999,"2","4",0.5,1,"3","3","3","2"
"20","LR",1,"15",0.468,0.999,"2","4",0.5,1,"3","3","3","2"
"20","LR",1,"15",0.468,0.999,"2","4",0.5,1,"3","3","3","2"
"21","FB",0,"15",0.5,0.895,"2","4",0.875,1,"6","3","3","2"
"21","FB",1,"15",0.5,0.895,"2","4",0.875,1,"6","3","3","2"
"21","FB",1,"15",0.5,0.895,"2","4",0.875,1,"6","3","3","2"
"21","FB",1,"15",0.5,0.895,"2","4",0.875,1,"6","3","3","2"
"21","FB",1,"15",0.5,0.895,"2","4",0.875,1,"6","3","3","2"
"21","FB",1,"15",0.5,0.895,"2","4",0.875,1,"6","3","3","2"
"21","FB",1,"15",0.5,0.895,"2","4",0.875,1,"6","3","3","2"
"21","FB",1,"15",0.5,0.895,"2","4",0.875,1,"6","3","3","2"
"21","LR",1,"15",0.5,0.895,"2","4",0.875,1,"6","3","3","2"
"21","LR",1,"15",0.5,0.895,"2","4",0.875,1,"6","3","3","2"
"21","LR",1,"15",0.5,0.895,"2","4",0.875,1,"6","3","3","2"
"21","LR",1,"15",0.5,0.895,"2","4",0.875,1,"6","3","3","2"
"21","LR",1,"15",0.5,0.895,"2","4",0.875,1,"6","3","3","2"
"21","LR",1,"15",0.5,0.895,"2","4",0.875,1,"6","3","3","2"
"21","LR",1,"15",0.5,0.895,"2","4",0.875,1,"6","3","3","2"
"21","LR",1,"15",0.5,0.895,"2","4",0.875,1,"6","3","3","2"
"22","FB",1,"3",1,0.55,"1","3",1,0.625,"1","1","1","1"
"22","FB",1,"3",1,0.55,"1","3",1,0.625,"1","1","1","1"
"22","FB",1,"3",1,0.55,"1","3",1,0.625,"1","1","1","1"
"22","FB",1,"3",1,0.55,"1","3",1,0.625,"1","1","1","1"
"22","FB",1,"3",1,0.55,"1","3",1,0.625,"1","1","1","1"
"22","FB",1,"3",1,0.55,"1","3",1,0.625,"1","1","1","1"
"22","FB",1,"3",1,0.55,"1","3",1,0.625,"1","1","1","1"
"22","FB",1,"3",1,0.55,"1","3",1,0.625,"1","1","1","1"
"22","LR",0,"3",1,0.55,"1","3",1,0.625,"1","1","1","1"
"22","LR",0,"3",1,0.55,"1","3",1,0.625,"1","1","1","1"
"22","LR",0,"3",1,0.55,"1","3",1,0.625,"1","1","1","1"
"22","LR",1,"3",1,0.55,"1","3",1,0.625,"1","1","1","1"
"22","LR",1,"3",1,0.55,"1","3",1,0.625,"1","1","1","1"
"22","LR",1,"3",1,0.55,"1","3",1,0.625,"1","1","1","1"
"22","LR",1,"3",1,0.55,"1","3",1,0.625,"1","1","1","1"
"22","LR",1,"3",1,0.55,"1","3",1,0.625,"1","1","1","1"
"23","FB",0,"11",0.415,0.047,"3","2",0.625,0,"2","2","4","3"
"23","FB",0,"11",0.415,0.047,"3","2",0.625,0,"2","2","4","3"
"23","FB",0,"11",0.415,0.047,"3","2",0.625,0,"2","2","4","3"
"23","FB",1,"11",0.415,0.047,"3","2",0.625,0,"2","2","4","3"
"23","FB",1,"11",0.415,0.047,"3","2",0.625,0,"2","2","4","3"
"23","FB",1,"11",0.415,0.047,"3","2",0.625,0,"2","2","4","3"
"23","FB",1,"11",0.415,0.047,"3","2",0.625,0,"2","2","4","3"
"23","FB",1,"11",0.415,0.047,"3","2",0.625,0,"2","2","4","3"
"23","LR",0,"11",0.415,0.047,"3","2",0.625,0,"2","2","4","3"
"23","LR",0,"11",0.415,0.047,"3","2",0.625,0,"2","2","4","3"
"23","LR",0,"11",0.415,0.047,"3","2",0.625,0,"2","2","4","3"
"23","LR",0,"11",0.415,0.047,"3","2",0.625,0,"2","2","4","3"
"23","LR",0,"11",0.415,0.047,"3","2",0.625,0,"2","2","4","3"
"23","LR",0,"11",0.415,0.047,"3","2",0.625,0,"2","2","4","3"
"23","LR",0,"11",0.415,0.047,"3","2",0.625,0,"2","2","4","3"
"23","LR",0,"11",0.415,0.047,"3","2",0.625,0,"2","2","4","3"
"24","FB",0,"15",0.456,1,"2","4",0.25,1,"3","3","3","2"
"24","FB",0,"15",0.456,1,"2","4",0.25,1,"3","3","3","2"
"24","FB",0,"15",0.456,1,"2","4",0.25,1,"3","3","3","2"
"24","FB",0,"15",0.456,1,"2","4",0.25,1,"3","3","3","2"
"24","FB",0,"15",0.456,1,"2","4",0.25,1,"3","3","3","2"
"24","FB",0,"15",0.456,1,"2","4",0.25,1,"3","3","3","2"
"24","FB",1,"15",0.456,1,"2","4",0.25,1,"3","3","3","2"
"24","FB",1,"15",0.456,1,"2","4",0.25,1,"3","3","3","2"
"24","LR",1,"15",0.456,1,"2","4",0.25,1,"3","3","3","2"
"24","LR",1,"15",0.456,1,"2","4",0.25,1,"3","3","3","2"
"24","LR",1,"15",0.456,1,"2","4",0.25,1,"3","3","3","2"
"24","LR",1,"15",0.456,1,"2","4",0.25,1,"3","3","3","2"
"24","LR",1,"15",0.456,1,"2","4",0.25,1,"3","3","3","2"
"24","LR",1,"15",0.456,1,"2","4",0.25,1,"3","3","3","2"
"24","LR",1,"15",0.456,1,"2","4",0.25,1,"3","3","3","2"
"24","LR",1,"15",0.456,1,"2","4",0.25,1,"3","3","3","2"
"25","FB",0,"15",0.465,0.937,"2","4",0.375,1,"3","3","3","2"
"25","FB",0,"15",0.465,0.937,"2","4",0.375,1,"3","3","3","2"
"25","FB",0,"15",0.465,0.937,"2","4",0.375,1,"3","3","3","2"
"25","FB",0,"15",0.465,0.937,"2","4",0.375,1,"3","3","3","2"
"25","FB",0,"15",0.465,0.937,"2","4",0.375,1,"3","3","3","2"
"25","FB",1,"15",0.465,0.937,"2","4",0.375,1,"3","3","3","2"
"25","FB",1,"15",0.465,0.937,"2","4",0.375,1,"3","3","3","2"
"25","FB",1,"15",0.465,0.937,"2","4",0.375,1,"3","3","3","2"
"25","LR",1,"15",0.465,0.937,"2","4",0.375,1,"3","3","3","2"
"25","LR",1,"15",0.465,0.937,"2","4",0.375,1,"3","3","3","2"
"25","LR",1,"15",0.465,0.937,"2","4",0.375,1,"3","3","3","2"
"25","LR",1,"15",0.465,0.937,"2","4",0.375,1,"3","3","3","2"
"25","LR",1,"15",0.465,0.937,"2","4",0.375,1,"3","3","3","2"
"25","LR",1,"15",0.465,0.937,"2","4",0.375,1,"3","3","3","2"
"25","LR",1,"15",0.465,0.937,"2","4",0.375,1,"3","3","3","2"
"25","LR",1,"15",0.465,0.937,"2","4",0.375,1,"3","3","3","2"
"26","FB",1,"3",1,0.517,"1","3",1,0.375,"1","1","1","1"
"26","FB",1,"3",1,0.517,"1","3",1,0.375,"1","1","1","1"
"26","FB",1,"3",1,0.517,"1","3",1,0.375,"1","1","1","1"
"26","FB",1,"3",1,0.517,"1","3",1,0.375,"1","1","1","1"
"26","FB",1,"3",1,0.517,"1","3",1,0.375,"1","1","1","1"
"26","FB",1,"3",1,0.517,"1","3",1,0.375,"1","1","1","1"
"26","FB",1,"3",1,0.517,"1","3",1,0.375,"1","1","1","1"
"26","FB",1,"3",1,0.517,"1","3",1,0.375,"1","1","1","1"
"26","LR",0,"3",1,0.517,"1","3",1,0.375,"1","1","1","1"
"26","LR",0,"3",1,0.517,"1","3",1,0.375,"1","1","1","1"
"26","LR",0,"3",1,0.517,"1","3",1,0.375,"1","1","1","1"
"26","LR",0,"3",1,0.517,"1","3",1,0.375,"1","1","1","1"
"26","LR",0,"3",1,0.517,"1","3",1,0.375,"1","1","1","1"
"26","LR",1,"3",1,0.517,"1","3",1,0.375,"1","1","1","1"
"26","LR",1,"3",1,0.517,"1","3",1,0.375,"1","1","1","1"
"26","LR",1,"3",1,0.517,"1","3",1,0.375,"1","1","1","1"
"27","FB",0,"15",0.484,1,"2","4",0.75,1,"6","3","3","2"
"27","FB",0,"15",0.484,1,"2","4",0.75,1,"6","3","3","2"
"27","FB",1,"15",0.484,1,"2","4",0.75,1,"6","3","3","2"
"27","FB",1,"15",0.484,1,"2","4",0.75,1,"6","3","3","2"
"27","FB",1,"15",0.484,1,"2","4",0.75,1,"6","3","3","2"
"27","FB",1,"15",0.484,1,"2","4",0.75,1,"6","3","3","2"
"27","FB",1,"15",0.484,1,"2","4",0.75,1,"6","3","3","2"
"27","FB",1,"15",0.484,1,"2","4",0.75,1,"6","3","3","2"
"27","LR",1,"15",0.484,1,"2","4",0.75,1,"6","3","3","2"
"27","LR",1,"15",0.484,1,"2","4",0.75,1,"6","3","3","2"
"27","LR",1,"15",0.484,1,"2","4",0.75,1,"6","3","3","2"
"27","LR",1,"15",0.484,1,"2","4",0.75,1,"6","3","3","2"
"27","LR",1,"15",0.484,1,"2","4",0.75,1,"6","3","3","2"
"27","LR",1,"15",0.484,1,"2","4",0.75,1,"6","3","3","2"
"27","LR",1,"15",0.484,1,"2","4",0.75,1,"6","3","3","2"
"27","LR",1,"15",0.484,1,"2","4",0.75,1,"6","3","3","2"
"28","FB",1,"3",1,0.484,"1","3",1,0.75,"1","1","1","1"
"28","FB",1,"3",1,0.484,"1","3",1,0.75,"1","1","1","1"
"28","FB",1,"3",1,0.484,"1","3",1,0.75,"1","1","1","1"
"28","FB",1,"3",1,0.484,"1","3",1,0.75,"1","1","1","1"
"28","FB",1,"3",1,0.484,"1","3",1,0.75,"1","1","1","1"
"28","FB",1,"3",1,0.484,"1","3",1,0.75,"1","1","1","1"
"28","FB",1,"3",1,0.484,"1","3",1,0.75,"1","1","1","1"
"28","FB",1,"3",1,0.484,"1","3",1,0.75,"1","1","1","1"
"28","LR",0,"3",1,0.484,"1","3",1,0.75,"1","1","1","1"
"28","LR",0,"3",1,0.484,"1","3",1,0.75,"1","1","1","1"
"28","LR",1,"3",1,0.484,"1","3",1,0.75,"1","1","1","1"
"28","LR",1,"3",1,0.484,"1","3",1,0.75,"1","1","1","1"
"28","LR",1,"3",1,0.484,"1","3",1,0.75,"1","1","1","1"
"28","LR",1,"3",1,0.484,"1","3",1,0.75,"1","1","1","1"
"28","LR",1,"3",1,0.484,"1","3",1,0.75,"1","1","1","1"
"28","LR",1,"3",1,0.484,"1","3",1,0.75,"1","1","1","1"
"29","FB",0,"15",0.537,0.996,"2","4",0.625,1,"3","3","3","2"
"29","FB",0,"15",0.537,0.996,"2","4",0.625,1,"3","3","3","2"
"29","FB",0,"15",0.537,0.996,"2","4",0.625,1,"3","3","3","2"
"29","FB",1,"15",0.537,0.996,"2","4",0.625,1,"3","3","3","2"
"29","FB",1,"15",0.537,0.996,"2","4",0.625,1,"3","3","3","2"
"29","FB",1,"15",0.537,0.996,"2","4",0.625,1,"3","3","3","2"
"29","FB",1,"15",0.537,0.996,"2","4",0.625,1,"3","3","3","2"
"29","FB",1,"15",0.537,0.996,"2","4",0.625,1,"3","3","3","2"
"29","LR",1,"15",0.537,0.996,"2","4",0.625,1,"3","3","3","2"
"29","LR",1,"15",0.537,0.996,"2","4",0.625,1,"3","3","3","2"
"29","LR",1,"15",0.537,0.996,"2","4",0.625,1,"3","3","3","2"
"29","LR",1,"15",0.537,0.996,"2","4",0.625,1,"3","3","3","2"
"29","LR",1,"15",0.537,0.996,"2","4",0.625,1,"3","3","3","2"
"29","LR",1,"15",0.537,0.996,"2","4",0.625,1,"3","3","3","2"
"29","LR",1,"15",0.537,0.996,"2","4",0.625,1,"3","3","3","2"
"29","LR",1,"15",0.537,0.996,"2","4",0.625,1,"3","3","3","2"
"30","FB",0,"3",0.922,0.518,"1","3",0.875,0.625,"1","1","1","1"
"30","FB",1,"3",0.922,0.518,"1","3",0.875,0.625,"1","1","1","1"
"30","FB",1,"3",0.922,0.518,"1","3",0.875,0.625,"1","1","1","1"
"30","FB",1,"3",0.922,0.518,"1","3",0.875,0.625,"1","1","1","1"
"30","FB",1,"3",0.922,0.518,"1","3",0.875,0.625,"1","1","1","1"
"30","FB",1,"3",0.922,0.518,"1","3",0.875,0.625,"1","1","1","1"
"30","FB",1,"3",0.922,0.518,"1","3",0.875,0.625,"1","1","1","1"
"30","FB",1,"3",0.922,0.518,"1","3",0.875,0.625,"1","1","1","1"
"30","LR",0,"3",0.922,0.518,"1","3",0.875,0.625,"1","1","1","1"
"30","LR",0,"3",0.922,0.518,"1","3",0.875,0.625,"1","1","1","1"
"30","LR",0,"3",0.922,0.518,"1","3",0.875,0.625,"1","1","1","1"
"30","LR",1,"3",0.922,0.518,"1","3",0.875,0.625,"1","1","1","1"
"30","LR",1,"3",0.922,0.518,"1","3",0.875,0.625,"1","1","1","1"
"30","LR",1,"3",0.922,0.518,"1","3",0.875,0.625,"1","1","1","1"
"30","LR",1,"3",0.922,0.518,"1","3",0.875,0.625,"1","1","1","1"
"30","LR",1,"3",0.922,0.518,"1","3",0.875,0.625,"1","1","1","1"
"31","FB",1,"3",1,0.436,"1","3",1,0.125,"4","1","2","1"
"31","FB",1,"3",1,0.436,"1","3",1,0.125,"4","1","2","1"
"31","FB",1,"3",1,0.436,"1","3",1,0.125,"4","1","2","1"
"31","FB",1,"3",1,0.436,"1","3",1,0.125,"4","1","2","1"
"31","FB",1,"3",1,0.436,"1","3",1,0.125,"4","1","2","1"
"31","FB",1,"3",1,0.436,"1","3",1,0.125,"4","1","2","1"
"31","FB",1,"3",1,0.436,"1","3",1,0.125,"4","1","2","1"
"31","FB",1,"3",1,0.436,"1","3",1,0.125,"4","1","2","1"
"31","LR",0,"3",1,0.436,"1","3",1,0.125,"4","1","2","1"
"31","LR",0,"3",1,0.436,"1","3",1,0.125,"4","1","2","1"
"31","LR",0,"3",1,0.436,"1","3",1,0.125,"4","1","2","1"
"31","LR",0,"3",1,0.436,"1","3",1,0.125,"4","1","2","1"
"31","LR",0,"3",1,0.436,"1","3",1,0.125,"4","1","2","1"
"31","LR",0,"3",1,0.436,"1","3",1,0.125,"4","1","2","1"
"31","LR",0,"3",1,0.436,"1","3",1,0.125,"4","1","2","1"
"31","LR",1,"3",1,0.436,"1","3",1,0.125,"4","1","2","1"
"32","FB",1,"3",1,0.531,"1","3",1,0.5,"1","1","1","1"
"32","FB",1,"3",1,0.531,"1","3",1,0.5,"1","1","1","1"
"32","FB",1,"3",1,0.531,"1","3",1,0.5,"1","1","1","1"
"32","FB",1,"3",1,0.531,"1","3",1,0.5,"1","1","1","1"
"32","FB",1,"3",1,0.531,"1","3",1,0.5,"1","1","1","1"
"32","FB",1,"3",1,0.531,"1","3",1,0.5,"1","1","1","1"
"32","FB",1,"3",1,0.531,"1","3",1,0.5,"1","1","1","1"
"32","FB",1,"3",1,0.531,"1","3",1,0.5,"1","1","1","1"
"32","LR",0,"3",1,0.531,"1","3",1,0.5,"1","1","1","1"
"32","LR",0,"3",1,0.531,"1","3",1,0.5,"1","1","1","1"
"32","LR",0,"3",1,0.531,"1","3",1,0.5,"1","1","1","1"
"32","LR",0,"3",1,0.531,"1","3",1,0.5,"1","1","1","1"
"32","LR",1,"3",1,0.531,"1","3",1,0.5,"1","1","1","1"
"32","LR",1,"3",1,0.531,"1","3",1,0.5,"1","1","1","1"
"32","LR",1,"3",1,0.531,"1","3",1,0.5,"1","1","1","1"
"32","LR",1,"3",1,0.531,"1","3",1,0.5,"1","1","1","1"
"33","FB",1,"3",0.954,0.58,"1","3",1,0.75,"1","1","1","1"
"33","FB",1,"3",0.954,0.58,"1","3",1,0.75,"1","1","1","1"
"33","FB",1,"3",0.954,0.58,"1","3",1,0.75,"1","1","1","1"
"33","FB",1,"3",0.954,0.58,"1","3",1,0.75,"1","1","1","1"
"33","FB",1,"3",0.954,0.58,"1","3",1,0.75,"1","1","1","1"
"33","FB",1,"3",0.954,0.58,"1","3",1,0.75,"1","1","1","1"
"33","FB",1,"3",0.954,0.58,"1","3",1,0.75,"1","1","1","1"
"33","FB",1,"3",0.954,0.58,"1","3",1,0.75,"1","1","1","1"
"33","LR",0,"3",0.954,0.58,"1","3",1,0.75,"1","1","1","1"
"33","LR",0,"3",0.954,0.58,"1","3",1,0.75,"1","1","1","1"
"33","LR",1,"3",0.954,0.58,"1","3",1,0.75,"1","1","1","1"
"33","LR",1,"3",0.954,0.58,"1","3",1,0.75,"1","1","1","1"
"33","LR",1,"3",0.954,0.58,"1","3",1,0.75,"1","1","1","1"
"33","LR",1,"3",0.954,0.58,"1","3",1,0.75,"1","1","1","1"
"33","LR",1,"3",0.954,0.58,"1","3",1,0.75,"1","1","1","1"
"33","LR",1,"3",0.954,0.58,"1","3",1,0.75,"1","1","1","1"
"34","FB",0,"15",0.498,1,"2","4",0.625,1,"3","3","3","2"
"34","FB",0,"15",0.498,1,"2","4",0.625,1,"3","3","3","2"
"34","FB",0,"15",0.498,1,"2","4",0.625,1,"3","3","3","2"
"34","FB",1,"15",0.498,1,"2","4",0.625,1,"3","3","3","2"
"34","FB",1,"15",0.498,1,"2","4",0.625,1,"3","3","3","2"
"34","FB",1,"15",0.498,1,"2","4",0.625,1,"3","3","3","2"
"34","FB",1,"15",0.498,1,"2","4",0.625,1,"3","3","3","2"
"34","FB",1,"15",0.498,1,"2","4",0.625,1,"3","3","3","2"
"34","LR",1,"15",0.498,1,"2","4",0.625,1,"3","3","3","2"
"34","LR",1,"15",0.498,1,"2","4",0.625,1,"3","3","3","2"
"34","LR",1,"15",0.498,1,"2","4",0.625,1,"3","3","3","2"
"34","LR",1,"15",0.498,1,"2","4",0.625,1,"3","3","3","2"
"34","LR",1,"15",0.498,1,"2","4",0.625,1,"3","3","3","2"
"34","LR",1,"15",0.498,1,"2","4",0.625,1,"3","3","3","2"
"34","LR",1,"15",0.498,1,"2","4",0.625,1,"3","3","3","2"
"34","LR",1,"15",0.498,1,"2","4",0.625,1,"3","3","3","2"
"35","FB",0,"15",0.519,1,"2","4",0.375,1,"3","3","3","2"
"35","FB",0,"15",0.519,1,"2","4",0.375,1,"3","3","3","2"
"35","FB",0,"15",0.519,1,"2","4",0.375,1,"3","3","3","2"
"35","FB",0,"15",0.519,1,"2","4",0.375,1,"3","3","3","2"
"35","FB",0,"15",0.519,1,"2","4",0.375,1,"3","3","3","2"
"35","FB",1,"15",0.519,1,"2","4",0.375,1,"3","3","3","2"
"35","FB",1,"15",0.519,1,"2","4",0.375,1,"3","3","3","2"
"35","FB",1,"15",0.519,1,"2","4",0.375,1,"3","3","3","2"
"35","LR",1,"15",0.519,1,"2","4",0.375,1,"3","3","3","2"
"35","LR",1,"15",0.519,1,"2","4",0.375,1,"3","3","3","2"
"35","LR",1,"15",0.519,1,"2","4",0.375,1,"3","3","3","2"
"35","LR",1,"15",0.519,1,"2","4",0.375,1,"3","3","3","2"
"35","LR",1,"15",0.519,1,"2","4",0.375,1,"3","3","3","2"
"35","LR",1,"15",0.519,1,"2","4",0.375,1,"3","3","3","2"
"35","LR",1,"15",0.519,1,"2","4",0.375,1,"3","3","3","2"
"35","LR",1,"15",0.519,1,"2","4",0.375,1,"3","3","3","2"
"36","FB",0,"23",0.094,0.5,"4","1",0.125,0.75,"5","4","5","4"
"36","FB",0,"23",0.094,0.5,"4","1",0.125,0.75,"5","4","5","4"
"36","FB",0,"23",0.094,0.5,"4","1",0.125,0.75,"5","4","5","4"
"36","FB",0,"23",0.094,0.5,"4","1",0.125,0.75,"5","4","5","4"
"36","FB",0,"23",0.094,0.5,"4","1",0.125,0.75,"5","4","5","4"
"36","FB",0,"23",0.094,0.5,"4","1",0.125,0.75,"5","4","5","4"
"36","FB",0,"23",0.094,0.5,"4","1",0.125,0.75,"5","4","5","4"
"36","FB",1,"23",0.094,0.5,"4","1",0.125,0.75,"5","4","5","4"
"36","LR",0,"23",0.094,0.5,"4","1",0.125,0.75,"5","4","5","4"
"36","LR",0,"23",0.094,0.5,"4","1",0.125,0.75,"5","4","5","4"
"36","LR",1,"23",0.094,0.5,"4","1",0.125,0.75,"5","4","5","4"
"36","LR",1,"23",0.094,0.5,"4","1",0.125,0.75,"5","4","5","4"
"36","LR",1,"23",0.094,0.5,"4","1",0.125,0.75,"5","4","5","4"
"36","LR",1,"23",0.094,0.5,"4","1",0.125,0.75,"5","4","5","4"
"36","LR",1,"23",0.094,0.5,"4","1",0.125,0.75,"5","4","5","4"
"36","LR",1,"23",0.094,0.5,"4","1",0.125,0.75,"5","4","5","4"
"37","FB",0,"3",0.931,0.55,"1","3",0.875,0.5,"1","1","1","1"
"37","FB",1,"3",0.931,0.55,"1","3",0.875,0.5,"1","1","1","1"
"37","FB",1,"3",0.931,0.55,"1","3",0.875,0.5,"1","1","1","1"
"37","FB",1,"3",0.931,0.55,"1","3",0.875,0.5,"1","1","1","1"
"37","FB",1,"3",0.931,0.55,"1","3",0.875,0.5,"1","1","1","1"
"37","FB",1,"3",0.931,0.55,"1","3",0.875,0.5,"1","1","1","1"
"37","FB",1,"3",0.931,0.55,"1","3",0.875,0.5,"1","1","1","1"
"37","FB",1,"3",0.931,0.55,"1","3",0.875,0.5,"1","1","1","1"
"37","LR",0,"3",0.931,0.55,"1","3",0.875,0.5,"1","1","1","1"
"37","LR",0,"3",0.931,0.55,"1","3",0.875,0.5,"1","1","1","1"
"37","LR",0,"3",0.931,0.55,"1","3",0.875,0.5,"1","1","1","1"
"37","LR",0,"3",0.931,0.55,"1","3",0.875,0.5,"1","1","1","1"
"37","LR",1,"3",0.931,0.55,"1","3",0.875,0.5,"1","1","1","1"
"37","LR",1,"3",0.931,0.55,"1","3",0.875,0.5,"1","1","1","1"
"37","LR",1,"3",0.931,0.55,"1","3",0.875,0.5,"1","1","1","1"
"37","LR",1,"3",0.931,0.55,"1","3",0.875,0.5,"1","1","1","1"
"38","FB",0,"11",0.454,0,"3","2",0.375,0,"2","2","4","3"
"38","FB",0,"11",0.454,0,"3","2",0.375,0,"2","2","4","3"
"38","FB",0,"11",0.454,0,"3","2",0.375,0,"2","2","4","3"
"38","FB",0,"11",0.454,0,"3","2",0.375,0,"2","2","4","3"
"38","FB",0,"11",0.454,0,"3","2",0.375,0,"2","2","4","3"
"38","FB",1,"11",0.454,0,"3","2",0.375,0,"2","2","4","3"
"38","FB",1,"11",0.454,0,"3","2",0.375,0,"2","2","4","3"
"38","FB",1,"11",0.454,0,"3","2",0.375,0,"2","2","4","3"
"38","LR",0,"11",0.454,0,"3","2",0.375,0,"2","2","4","3"
"38","LR",0,"11",0.454,0,"3","2",0.375,0,"2","2","4","3"
"38","LR",0,"11",0.454,0,"3","2",0.375,0,"2","2","4","3"
"38","LR",0,"11",0.454,0,"3","2",0.375,0,"2","2","4","3"
"38","LR",0,"11",0.454,0,"3","2",0.375,0,"2","2","4","3"
"38","LR",0,"11",0.454,0,"3","2",0.375,0,"2","2","4","3"
"38","LR",0,"11",0.454,0,"3","2",0.375,0,"2","2","4","3"
"38","LR",0,"11",0.454,0,"3","2",0.375,0,"2","2","4","3"
"39","FB",0,"11",0.51,0,"3","2",0.625,0,"2","2","4","3"
"39","FB",0,"11",0.51,0,"3","2",0.625,0,"2","2","4","3"
"39","FB",0,"11",0.51,0,"3","2",0.625,0,"2","2","4","3"
"39","FB",1,"11",0.51,0,"3","2",0.625,0,"2","2","4","3"
"39","FB",1,"11",0.51,0,"3","2",0.625,0,"2","2","4","3"
"39","FB",1,"11",0.51,0,"3","2",0.625,0,"2","2","4","3"
"39","FB",1,"11",0.51,0,"3","2",0.625,0,"2","2","4","3"
"39","FB",1,"11",0.51,0,"3","2",0.625,0,"2","2","4","3"
"39","LR",0,"11",0.51,0,"3","2",0.625,0,"2","2","4","3"
"39","LR",0,"11",0.51,0,"3","2",0.625,0,"2","2","4","3"
"39","LR",0,"11",0.51,0,"3","2",0.625,0,"2","2","4","3"
"39","LR",0,"11",0.51,0,"3","2",0.625,0,"2","2","4","3"
"39","LR",0,"11",0.51,0,"3","2",0.625,0,"2","2","4","3"
"39","LR",0,"11",0.51,0,"3","2",0.625,0,"2","2","4","3"
"39","LR",0,"11",0.51,0,"3","2",0.625,0,"2","2","4","3"
"39","LR",0,"11",0.51,0,"3","2",0.625,0,"2","2","4","3"
"40","FB",0,"23",0.057,0.511,"4","1",0,0.375,"5","4","5","4"
"40","FB",0,"23",0.057,0.511,"4","1",0,0.375,"5","4","5","4"
"40","FB",0,"23",0.057,0.511,"4","1",0,0.375,"5","4","5","4"
"40","FB",0,"23",0.057,0.511,"4","1",0,0.375,"5","4","5","4"
"40","FB",0,"23",0.057,0.511,"4","1",0,0.375,"5","4","5","4"
"40","FB",0,"23",0.057,0.511,"4","1",0,0.375,"5","4","5","4"
"40","FB",0,"23",0.057,0.511,"4","1",0,0.375,"5","4","5","4"
"40","FB",0,"23",0.057,0.511,"4","1",0,0.375,"5","4","5","4"
"40","LR",0,"23",0.057,0.511,"4","1",0,0.375,"5","4","5","4"
"40","LR",0,"23",0.057,0.511,"4","1",0,0.375,"5","4","5","4"
"40","LR",0,"23",0.057,0.511,"4","1",0,0.375,"5","4","5","4"
"40","LR",0,"23",0.057,0.511,"4","1",0,0.375,"5","4","5","4"
"40","LR",0,"23",0.057,0.511,"4","1",0,0.375,"5","4","5","4"
"40","LR",1,"23",0.057,0.511,"4","1",0,0.375,"5","4","5","4"
"40","LR",1,"23",0.057,0.511,"4","1",0,0.375,"5","4","5","4"
"40","LR",1,"23",0.057,0.511,"4","1",0,0.375,"5","4","5","4"
"41","FB",0,"11",0.492,0.007,"3","2",0.625,0,"2","2","4","3"
"41","FB",0,"11",0.492,0.007,"3","2",0.625,0,"2","2","4","3"
"41","FB",0,"11",0.492,0.007,"3","2",0.625,0,"2","2","4","3"
"41","FB",1,"11",0.492,0.007,"3","2",0.625,0,"2","2","4","3"
"41","FB",1,"11",0.492,0.007,"3","2",0.625,0,"2","2","4","3"
"41","FB",1,"11",0.492,0.007,"3","2",0.625,0,"2","2","4","3"
"41","FB",1,"11",0.492,0.007,"3","2",0.625,0,"2","2","4","3"
"41","FB",1,"11",0.492,0.007,"3","2",0.625,0,"2","2","4","3"
"41","LR",0,"11",0.492,0.007,"3","2",0.625,0,"2","2","4","3"
"41","LR",0,"11",0.492,0.007,"3","2",0.625,0,"2","2","4","3"
"41","LR",0,"11",0.492,0.007,"3","2",0.625,0,"2","2","4","3"
"41","LR",0,"11",0.492,0.007,"3","2",0.625,0,"2","2","4","3"
"41","LR",0,"11",0.492,0.007,"3","2",0.625,0,"2","2","4","3"
"41","LR",0,"11",0.492,0.007,"3","2",0.625,0,"2","2","4","3"
"41","LR",0,"11",0.492,0.007,"3","2",0.625,0,"2","2","4","3"
"41","LR",0,"11",0.492,0.007,"3","2",0.625,0,"2","2","4","3"
"42","FB",0,"11",0.507,0,"3","2",0.375,0,"2","2","4","3"
"42","FB",0,"11",0.507,0,"3","2",0.375,0,"2","2","4","3"
"42","FB",0,"11",0.507,0,"3","2",0.375,0,"2","2","4","3"
"42","FB",0,"11",0.507,0,"3","2",0.375,0,"2","2","4","3"
"42","FB",0,"11",0.507,0,"3","2",0.375,0,"2","2","4","3"
"42","FB",1,"11",0.507,0,"3","2",0.375,0,"2","2","4","3"
"42","FB",1,"11",0.507,0,"3","2",0.375,0,"2","2","4","3"
"42","FB",1,"11",0.507,0,"3","2",0.375,0,"2","2","4","3"
"42","LR",0,"11",0.507,0,"3","2",0.375,0,"2","2","4","3"
"42","LR",0,"11",0.507,0,"3","2",0.375,0,"2","2","4","3"
"42","LR",0,"11",0.507,0,"3","2",0.375,0,"2","2","4","3"
"42","LR",0,"11",0.507,0,"3","2",0.375,0,"2","2","4","3"
"42","LR",0,"11",0.507,0,"3","2",0.375,0,"2","2","4","3"
"42","LR",0,"11",0.507,0,"3","2",0.375,0,"2","2","4","3"
"42","LR",0,"11",0.507,0,"3","2",0.375,0,"2","2","4","3"
"42","LR",0,"11",0.507,0,"3","2",0.375,0,"2","2","4","3"
"43","FB",1,"3",0.978,0.541,"1","3",1,0.75,"1","1","1","1"
"43","FB",1,"3",0.978,0.541,"1","3",1,0.75,"1","1","1","1"
"43","FB",1,"3",0.978,0.541,"1","3",1,0.75,"1","1","1","1"
"43","FB",1,"3",0.978,0.541,"1","3",1,0.75,"1","1","1","1"
"43","FB",1,"3",0.978,0.541,"1","3",1,0.75,"1","1","1","1"
"43","FB",1,"3",0.978,0.541,"1","3",1,0.75,"1","1","1","1"
"43","FB",1,"3",0.978,0.541,"1","3",1,0.75,"1","1","1","1"
"43","FB",1,"3",0.978,0.541,"1","3",1,0.75,"1","1","1","1"
"43","LR",0,"3",0.978,0.541,"1","3",1,0.75,"1","1","1","1"
"43","LR",0,"3",0.978,0.541,"1","3",1,0.75,"1","1","1","1"
"43","LR",1,"3",0.978,0.541,"1","3",1,0.75,"1","1","1","1"
"43","LR",1,"3",0.978,0.541,"1","3",1,0.75,"1","1","1","1"
"43","LR",1,"3",0.978,0.541,"1","3",1,0.75,"1","1","1","1"
"43","LR",1,"3",0.978,0.541,"1","3",1,0.75,"1","1","1","1"
"43","LR",1,"3",0.978,0.541,"1","3",1,0.75,"1","1","1","1"
"43","LR",1,"3",0.978,0.541,"1","3",1,0.75,"1","1","1","1"
"44","FB",0,"23",0,0.458,"4","1",0,0.5,"5","4","5","4"
"44","FB",0,"23",0,0.458,"4","1",0,0.5,"5","4","5","4"
"44","FB",0,"23",0,0.458,"4","1",0,0.5,"5","4","5","4"
"44","FB",0,"23",0,0.458,"4","1",0,0.5,"5","4","5","4"
"44","FB",0,"23",0,0.458,"4","1",0,0.5,"5","4","5","4"
"44","FB",0,"23",0,0.458,"4","1",0,0.5,"5","4","5","4"
"44","FB",0,"23",0,0.458,"4","1",0,0.5,"5","4","5","4"
"44","FB",0,"23",0,0.458,"4","1",0,0.5,"5","4","5","4"
"44","LR",0,"23",0,0.458,"4","1",0,0.5,"5","4","5","4"
"44","LR",0,"23",0,0.458,"4","1",0,0.5,"5","4","5","4"
"44","LR",0,"23",0,0.458,"4","1",0,0.5,"5","4","5","4"
"44","LR",0,"23",0,0.458,"4","1",0,0.5,"5","4","5","4"
"44","LR",1,"23",0,0.458,"4","1",0,0.5,"5","4","5","4"
"44","LR",1,"23",0,0.458,"4","1",0,0.5,"5","4","5","4"
"44","LR",1,"23",0,0.458,"4","1",0,0.5,"5","4","5","4"
"44","LR",1,"23",0,0.458,"4","1",0,0.5,"5","4","5","4"
"45","FB",0,"15",0.455,0.96,"2","4",0.375,1,"3","3","3","2"
"45","FB",0,"15",0.455,0.96,"2","4",0.375,1,"3","3","3","2"
"45","FB",0,"15",0.455,0.96,"2","4",0.375,1,"3","3","3","2"
"45","FB",0,"15",0.455,0.96,"2","4",0.375,1,"3","3","3","2"
"45","FB",0,"15",0.455,0.96,"2","4",0.375,1,"3","3","3","2"
"45","FB",1,"15",0.455,0.96,"2","4",0.375,1,"3","3","3","2"
"45","FB",1,"15",0.455,0.96,"2","4",0.375,1,"3","3","3","2"
"45","FB",1,"15",0.455,0.96,"2","4",0.375,1,"3","3","3","2"
"45","LR",1,"15",0.455,0.96,"2","4",0.375,1,"3","3","3","2"
"45","LR",1,"15",0.455,0.96,"2","4",0.375,1,"3","3","3","2"
"45","LR",1,"15",0.455,0.96,"2","4",0.375,1,"3","3","3","2"
"45","LR",1,"15",0.455,0.96,"2","4",0.375,1,"3","3","3","2"
"45","LR",1,"15",0.455,0.96,"2","4",0.375,1,"3","3","3","2"
"45","LR",1,"15",0.455,0.96,"2","4",0.375,1,"3","3","3","2"
"45","LR",1,"15",0.455,0.96,"2","4",0.375,1,"3","3","3","2"
"45","LR",1,"15",0.455,0.96,"2","4",0.375,1,"3","3","3","2"
"46","FB",0,"15",0.565,0.932,"2","4",0.5,0.875,"3","3","6","2"
"46","FB",0,"15",0.565,0.932,"2","4",0.5,0.875,"3","3","6","2"
"46","FB",0,"15",0.565,0.932,"2","4",0.5,0.875,"3","3","6","2"
"46","FB",0,"15",0.565,0.932,"2","4",0.5,0.875,"3","3","6","2"
"46","FB",1,"15",0.565,0.932,"2","4",0.5,0.875,"3","3","6","2"
"46","FB",1,"15",0.565,0.932,"2","4",0.5,0.875,"3","3","6","2"
"46","FB",1,"15",0.565,0.932,"2","4",0.5,0.875,"3","3","6","2"
"46","FB",1,"15",0.565,0.932,"2","4",0.5,0.875,"3","3","6","2"
"46","LR",0,"15",0.565,0.932,"2","4",0.5,0.875,"3","3","6","2"
"46","LR",1,"15",0.565,0.932,"2","4",0.5,0.875,"3","3","6","2"
"46","LR",1,"15",0.565,0.932,"2","4",0.5,0.875,"3","3","6","2"
"46","LR",1,"15",0.565,0.932,"2","4",0.5,0.875,"3","3","6","2"
"46","LR",1,"15",0.565,0.932,"2","4",0.5,0.875,"3","3","6","2"
"46","LR",1,"15",0.565,0.932,"2","4",0.5,0.875,"3","3","6","2"
"46","LR",1,"15",0.565,0.932,"2","4",0.5,0.875,"3","3","6","2"
"46","LR",1,"15",0.565,0.932,"2","4",0.5,0.875,"3","3","6","2"
"47","FB",0,"23",0.047,0.528,"4","1",0,0.375,"5","4","5","4"
"47","FB",0,"23",0.047,0.528,"4","1",0,0.375,"5","4","5","4"
"47","FB",0,"23",0.047,0.528,"4","1",0,0.375,"5","4","5","4"
"47","FB",0,"23",0.047,0.528,"4","1",0,0.375,"5","4","5","4"
"47","FB",0,"23",0.047,0.528,"4","1",0,0.375,"5","4","5","4"
"47","FB",0,"23",0.047,0.528,"4","1",0,0.375,"5","4","5","4"
"47","FB",0,"23",0.047,0.528,"4","1",0,0.375,"5","4","5","4"
"47","FB",0,"23",0.047,0.528,"4","1",0,0.375,"5","4","5","4"
"47","LR",0,"23",0.047,0.528,"4","1",0,0.375,"5","4","5","4"
"47","LR",0,"23",0.047,0.528,"4","1",0,0.375,"5","4","5","4"
"47","LR",0,"23",0.047,0.528,"4","1",0,0.375,"5","4","5","4"
"47","LR",0,"23",0.047,0.528,"4","1",0,0.375,"5","4","5","4"
"47","LR",0,"23",0.047,0.528,"4","1",0,0.375,"5","4","5","4"
"47","LR",1,"23",0.047,0.528,"4","1",0,0.375,"5","4","5","4"
"47","LR",1,"23",0.047,0.528,"4","1",0,0.375,"5","4","5","4"
"47","LR",1,"23",0.047,0.528,"4","1",0,0.375,"5","4","5","4"
"48","FB",0,"23",0.041,0.599,"4","1",0,0.625,"5","4","5","4"
"48","FB",0,"23",0.041,0.599,"4","1",0,0.625,"5","4","5","4"
"48","FB",0,"23",0.041,0.599,"4","1",0,0.625,"5","4","5","4"
"48","FB",0,"23",0.041,0.599,"4","1",0,0.625,"5","4","5","4"
"48","FB",0,"23",0.041,0.599,"4","1",0,0.625,"5","4","5","4"
"48","FB",0,"23",0.041,0.599,"4","1",0,0.625,"5","4","5","4"
"48","FB",0,"23",0.041,0.599,"4","1",0,0.625,"5","4","5","4"
"48","FB",0,"23",0.041,0.599,"4","1",0,0.625,"5","4","5","4"
"48","LR",0,"23",0.041,0.599,"4","1",0,0.625,"5","4","5","4"
"48","LR",0,"23",0.041,0.599,"4","1",0,0.625,"5","4","5","4"
"48","LR",0,"23",0.041,0.599,"4","1",0,0.625,"5","4","5","4"
"48","LR",1,"23",0.041,0.599,"4","1",0,0.625,"5","4","5","4"
"48","LR",1,"23",0.041,0.599,"4","1",0,0.625,"5","4","5","4"
"48","LR",1,"23",0.041,0.599,"4","1",0,0.625,"5","4","5","4"
"48","LR",1,"23",0.041,0.599,"4","1",0,0.625,"5","4","5","4"
"48","LR",1,"23",0.041,0.599,"4","1",0,0.625,"5","4","5","4"
"49","FB",0,"11",0.499,0.026,"3","2",0.25,0,"2","2","4","3"
"49","FB",0,"11",0.499,0.026,"3","2",0.25,0,"2","2","4","3"
"49","FB",0,"11",0.499,0.026,"3","2",0.25,0,"2","2","4","3"
"49","FB",0,"11",0.499,0.026,"3","2",0.25,0,"2","2","4","3"
"49","FB",0,"11",0.499,0.026,"3","2",0.25,0,"2","2","4","3"
"49","FB",0,"11",0.499,0.026,"3","2",0.25,0,"2","2","4","3"
"49","FB",1,"11",0.499,0.026,"3","2",0.25,0,"2","2","4","3"
"49","FB",1,"11",0.499,0.026,"3","2",0.25,0,"2","2","4","3"
"49","LR",0,"11",0.499,0.026,"3","2",0.25,0,"2","2","4","3"
"49","LR",0,"11",0.499,0.026,"3","2",0.25,0,"2","2","4","3"
"49","LR",0,"11",0.499,0.026,"3","2",0.25,0,"2","2","4","3"
"49","LR",0,"11",0.499,0.026,"3","2",0.25,0,"2","2","4","3"
"49","LR",0,"11",0.499,0.026,"3","2",0.25,0,"2","2","4","3"
"49","LR",0,"11",0.499,0.026,"3","2",0.25,0,"2","2","4","3"
"49","LR",0,"11",0.499,0.026,"3","2",0.25,0,"2","2","4","3"
"49","LR",0,"11",0.499,0.026,"3","2",0.25,0,"2","2","4","3"
"50","FB",1,"3",1,0.452,"1","3",1,0.75,"1","1","1","1"
"50","FB",1,"3",1,0.452,"1","3",1,0.75,"1","1","1","1"
"50","FB",1,"3",1,0.452,"1","3",1,0.75,"1","1","1","1"
"50","FB",1,"3",1,0.452,"1","3",1,0.75,"1","1","1","1"
"50","FB",1,"3",1,0.452,"1","3",1,0.75,"1","1","1","1"
"50","FB",1,"3",1,0.452,"1","3",1,0.75,"1","1","1","1"
"50","FB",1,"3",1,0.452,"1","3",1,0.75,"1","1","1","1"
"50","FB",1,"3",1,0.452,"1","3",1,0.75,"1","1","1","1"
"50","LR",0,"3",1,0.452,"1","3",1,0.75,"1","1","1","1"
"50","LR",0,"3",1,0.452,"1","3",1,0.75,"1","1","1","1"
"50","LR",1,"3",1,0.452,"1","3",1,0.75,"1","1","1","1"
"50","LR",1,"3",1,0.452,"1","3",1,0.75,"1","1","1","1"
"50","LR",1,"3",1,0.452,"1","3",1,0.75,"1","1","1","1"
"50","LR",1,"3",1,0.452,"1","3",1,0.75,"1","1","1","1"
"50","LR",1,"3",1,0.452,"1","3",1,0.75,"1","1","1","1"
"50","LR",1,"3",1,0.452,"1","3",1,0.75,"1","1","1","1"
"51","FB",1,"3",0.94,0.481,"3","2",1,0,"4","1","4","3"
"51","FB",1,"3",0.94,0.481,"3","2",1,0,"4","1","4","3"
"51","FB",1,"3",0.94,0.481,"3","2",1,0,"4","1","4","3"
"51","FB",1,"3",0.94,0.481,"3","2",1,0,"4","1","4","3"
"51","FB",1,"3",0.94,0.481,"3","2",1,0,"4","1","4","3"
"51","FB",1,"3",0.94,0.481,"3","2",1,0,"4","1","4","3"
"51","FB",1,"3",0.94,0.481,"3","2",1,0,"4","1","4","3"
"51","FB",1,"3",0.94,0.481,"3","2",1,0,"4","1","4","3"
"51","LR",0,"3",0.94,0.481,"3","2",1,0,"4","1","4","3"
"51","LR",0,"3",0.94,0.481,"3","2",1,0,"4","1","4","3"
"51","LR",0,"3",0.94,0.481,"3","2",1,0,"4","1","4","3"
"51","LR",0,"3",0.94,0.481,"3","2",1,0,"4","1","4","3"
"51","LR",0,"3",0.94,0.481,"3","2",1,0,"4","1","4","3"
"51","LR",0,"3",0.94,0.481,"3","2",1,0,"4","1","4","3"
"51","LR",0,"3",0.94,0.481,"3","2",1,0,"4","1","4","3"
"51","LR",0,"3",0.94,0.481,"3","2",1,0,"4","1","4","3"
"52","FB",1,"3",1,0.487,"1","3",1,0.5,"1","1","1","1"
"52","FB",1,"3",1,0.487,"1","3",1,0.5,"1","1","1","1"
"52","FB",1,"3",1,0.487,"1","3",1,0.5,"1","1","1","1"
"52","FB",1,"3",1,0.487,"1","3",1,0.5,"1","1","1","1"
"52","FB",1,"3",1,0.487,"1","3",1,0.5,"1","1","1","1"
"52","FB",1,"3",1,0.487,"1","3",1,0.5,"1","1","1","1"
"52","FB",1,"3",1,0.487,"1","3",1,0.5,"1","1","1","1"
"52","FB",1,"3",1,0.487,"1","3",1,0.5,"1","1","1","1"
"52","LR",0,"3",1,0.487,"1","3",1,0.5,"1","1","1","1"
"52","LR",0,"3",1,0.487,"1","3",1,0.5,"1","1","1","1"
"52","LR",0,"3",1,0.487,"1","3",1,0.5,"1","1","1","1"
"52","LR",0,"3",1,0.487,"1","3",1,0.5,"1","1","1","1"
"52","LR",1,"3",1,0.487,"1","3",1,0.5,"1","1","1","1"
"52","LR",1,"3",1,0.487,"1","3",1,0.5,"1","1","1","1"
"52","LR",1,"3",1,0.487,"1","3",1,0.5,"1","1","1","1"
"52","LR",1,"3",1,0.487,"1","3",1,0.5,"1","1","1","1"
"53","FB",0,"15",0.471,0.971,"2","4",0.625,1,"3","3","3","2"
"53","FB",0,"15",0.471,0.971,"2","4",0.625,1,"3","3","3","2"
"53","FB",0,"15",0.471,0.971,"2","4",0.625,1,"3","3","3","2"
"53","FB",1,"15",0.471,0.971,"2","4",0.625,1,"3","3","3","2"
"53","FB",1,"15",0.471,0.971,"2","4",0.625,1,"3","3","3","2"
"53","FB",1,"15",0.471,0.971,"2","4",0.625,1,"3","3","3","2"
"53","FB",1,"15",0.471,0.971,"2","4",0.625,1,"3","3","3","2"
"53","FB",1,"15",0.471,0.971,"2","4",0.625,1,"3","3","3","2"
"53","LR",1,"15",0.471,0.971,"2","4",0.625,1,"3","3","3","2"
"53","LR",1,"15",0.471,0.971,"2","4",0.625,1,"3","3","3","2"
"53","LR",1,"15",0.471,0.971,"2","4",0.625,1,"3","3","3","2"
"53","LR",1,"15",0.471,0.971,"2","4",0.625,1,"3","3","3","2"
"53","LR",1,"15",0.471,0.971,"2","4",0.625,1,"3","3","3","2"
"53","LR",1,"15",0.471,0.971,"2","4",0.625,1,"3","3","3","2"
"53","LR",1,"15",0.471,0.971,"2","4",0.625,1,"3","3","3","2"
"53","LR",1,"15",0.471,0.971,"2","4",0.625,1,"3","3","3","2"
"54","FB",0,"23",0,0.529,"4","1",0,0.5,"5","4","5","4"
"54","FB",0,"23",0,0.529,"4","1",0,0.5,"5","4","5","4"
"54","FB",0,"23",0,0.529,"4","1",0,0.5,"5","4","5","4"
"54","FB",0,"23",0,0.529,"4","1",0,0.5,"5","4","5","4"
"54","FB",0,"23",0,0.529,"4","1",0,0.5,"5","4","5","4"
"54","FB",0,"23",0,0.529,"4","1",0,0.5,"5","4","5","4"
"54","FB",0,"23",0,0.529,"4","1",0,0.5,"5","4","5","4"
"54","FB",0,"23",0,0.529,"4","1",0,0.5,"5","4","5","4"
"54","LR",0,"23",0,0.529,"4","1",0,0.5,"5","4","5","4"
"54","LR",0,"23",0,0.529,"4","1",0,0.5,"5","4","5","4"
"54","LR",0,"23",0,0.529,"4","1",0,0.5,"5","4","5","4"
"54","LR",0,"23",0,0.529,"4","1",0,0.5,"5","4","5","4"
"54","LR",1,"23",0,0.529,"4","1",0,0.5,"5","4","5","4"
"54","LR",1,"23",0,0.529,"4","1",0,0.5,"5","4","5","4"
"54","LR",1,"23",0,0.529,"4","1",0,0.5,"5","4","5","4"
"54","LR",1,"23",0,0.529,"4","1",0,0.5,"5","4","5","4"
"55","FB",0,"23",0.057,0.487,"4","1",0,0.5,"5","4","5","4"
"55","FB",0,"23",0.057,0.487,"4","1",0,0.5,"5","4","5","4"
"55","FB",0,"23",0.057,0.487,"4","1",0,0.5,"5","4","5","4"
"55","FB",0,"23",0.057,0.487,"4","1",0,0.5,"5","4","5","4"
"55","FB",0,"23",0.057,0.487,"4","1",0,0.5,"5","4","5","4"
"55","FB",0,"23",0.057,0.487,"4","1",0,0.5,"5","4","5","4"
"55","FB",0,"23",0.057,0.487,"4","1",0,0.5,"5","4","5","4"
"55","FB",0,"23",0.057,0.487,"4","1",0,0.5,"5","4","5","4"
"55","LR",0,"23",0.057,0.487,"4","1",0,0.5,"5","4","5","4"
"55","LR",0,"23",0.057,0.487,"4","1",0,0.5,"5","4","5","4"
"55","LR",0,"23",0.057,0.487,"4","1",0,0.5,"5","4","5","4"
"55","LR",0,"23",0.057,0.487,"4","1",0,0.5,"5","4","5","4"
"55","LR",1,"23",0.057,0.487,"4","1",0,0.5,"5","4","5","4"
"55","LR",1,"23",0.057,0.487,"4","1",0,0.5,"5","4","5","4"
"55","LR",1,"23",0.057,0.487,"4","1",0,0.5,"5","4","5","4"
"55","LR",1,"23",0.057,0.487,"4","1",0,0.5,"5","4","5","4"
"56","FB",0,"23",0.014,0.456,"4","1",0,0.5,"5","4","5","4"
"56","FB",0,"23",0.014,0.456,"4","1",0,0.5,"5","4","5","4"
"56","FB",0,"23",0.014,0.456,"4","1",0,0.5,"5","4","5","4"
"56","FB",0,"23",0.014,0.456,"4","1",0,0.5,"5","4","5","4"
"56","FB",0,"23",0.014,0.456,"4","1",0,0.5,"5","4","5","4"
"56","FB",0,"23",0.014,0.456,"4","1",0,0.5,"5","4","5","4"
"56","FB",0,"23",0.014,0.456,"4","1",0,0.5,"5","4","5","4"
"56","FB",0,"23",0.014,0.456,"4","1",0,0.5,"5","4","5","4"
"56","LR",0,"23",0.014,0.456,"4","1",0,0.5,"5","4","5","4"
"56","LR",0,"23",0.014,0.456,"4","1",0,0.5,"5","4","5","4"
"56","LR",0,"23",0.014,0.456,"4","1",0,0.5,"5","4","5","4"
"56","LR",0,"23",0.014,0.456,"4","1",0,0.5,"5","4","5","4"
"56","LR",1,"23",0.014,0.456,"4","1",0,0.5,"5","4","5","4"
"56","LR",1,"23",0.014,0.456,"4","1",0,0.5,"5","4","5","4"
"56","LR",1,"23",0.014,0.456,"4","1",0,0.5,"5","4","5","4"
"56","LR",1,"23",0.014,0.456,"4","1",0,0.5,"5","4","5","4"
"57","FB",0,"15",0.453,1,"2","4",0.625,1,"3","3","3","2"
"57","FB",0,"15",0.453,1,"2","4",0.625,1,"3","3","3","2"
"57","FB",0,"15",0.453,1,"2","4",0.625,1,"3","3","3","2"
"57","FB",1,"15",0.453,1,"2","4",0.625,1,"3","3","3","2"
"57","FB",1,"15",0.453,1,"2","4",0.625,1,"3","3","3","2"
"57","FB",1,"15",0.453,1,"2","4",0.625,1,"3","3","3","2"
"57","FB",1,"15",0.453,1,"2","4",0.625,1,"3","3","3","2"
"57","FB",1,"15",0.453,1,"2","4",0.625,1,"3","3","3","2"
"57","LR",1,"15",0.453,1,"2","4",0.625,1,"3","3","3","2"
"57","LR",1,"15",0.453,1,"2","4",0.625,1,"3","3","3","2"
"57","LR",1,"15",0.453,1,"2","4",0.625,1,"3","3","3","2"
"57","LR",1,"15",0.453,1,"2","4",0.625,1,"3","3","3","2"
"57","LR",1,"15",0.453,1,"2","4",0.625,1,"3","3","3","2"
"57","LR",1,"15",0.453,1,"2","4",0.625,1,"3","3","3","2"
"57","LR",1,"15",0.453,1,"2","4",0.625,1,"3","3","3","2"
"57","LR",1,"15",0.453,1,"2","4",0.625,1,"3","3","3","2"
"58","FB",0,"15",0.513,0.975,"2","4",0.5,1,"3","3","3","2"
"58","FB",0,"15",0.513,0.975,"2","4",0.5,1,"3","3","3","2"
"58","FB",0,"15",0.513,0.975,"2","4",0.5,1,"3","3","3","2"
"58","FB",0,"15",0.513,0.975,"2","4",0.5,1,"3","3","3","2"
"58","FB",1,"15",0.513,0.975,"2","4",0.5,1,"3","3","3","2"
"58","FB",1,"15",0.513,0.975,"2","4",0.5,1,"3","3","3","2"
"58","FB",1,"15",0.513,0.975,"2","4",0.5,1,"3","3","3","2"
"58","FB",1,"15",0.513,0.975,"2","4",0.5,1,"3","3","3","2"
"58","LR",1,"15",0.513,0.975,"2","4",0.5,1,"3","3","3","2"
"58","LR",1,"15",0.513,0.975,"2","4",0.5,1,"3","3","3","2"
"58","LR",1,"15",0.513,0.975,"2","4",0.5,1,"3","3","3","2"
"58","LR",1,"15",0.513,0.975,"2","4",0.5,1,"3","3","3","2"
"58","LR",1,"15",0.513,0.975,"2","4",0.5,1,"3","3","3","2"
"58","LR",1,"15",0.513,0.975,"2","4",0.5,1,"3","3","3","2"
"58","LR",1,"15",0.513,0.975,"2","4",0.5,1,"3","3","3","2"
"58","LR",1,"15",0.513,0.975,"2","4",0.5,1,"3","3","3","2"
"59","FB",0,"23",0,0.448,"4","1",0,0.75,"5","4","5","4"
"59","FB",0,"23",0,0.448,"4","1",0,0.75,"5","4","5","4"
"59","FB",0,"23",0,0.448,"4","1",0,0.75,"5","4","5","4"
"59","FB",0,"23",0,0.448,"4","1",0,0.75,"5","4","5","4"
"59","FB",0,"23",0,0.448,"4","1",0,0.75,"5","4","5","4"
"59","FB",0,"23",0,0.448,"4","1",0,0.75,"5","4","5","4"
"59","FB",0,"23",0,0.448,"4","1",0,0.75,"5","4","5","4"
"59","FB",0,"23",0,0.448,"4","1",0,0.75,"5","4","5","4"
"59","LR",0,"23",0,0.448,"4","1",0,0.75,"5","4","5","4"
"59","LR",0,"23",0,0.448,"4","1",0,0.75,"5","4","5","4"
"59","LR",1,"23",0,0.448,"4","1",0,0.75,"5","4","5","4"
"59","LR",1,"23",0,0.448,"4","1",0,0.75,"5","4","5","4"
"59","LR",1,"23",0,0.448,"4","1",0,0.75,"5","4","5","4"
"59","LR",1,"23",0,0.448,"4","1",0,0.75,"5","4","5","4"
"59","LR",1,"23",0,0.448,"4","1",0,0.75,"5","4","5","4"
"59","LR",1,"23",0,0.448,"4","1",0,0.75,"5","4","5","4"
"60","FB",0,"11",0.513,0.001,"3","2",0.75,0,"2","2","4","3"
"60","FB",0,"11",0.513,0.001,"3","2",0.75,0,"2","2","4","3"
"60","FB",1,"11",0.513,0.001,"3","2",0.75,0,"2","2","4","3"
"60","FB",1,"11",0.513,0.001,"3","2",0.75,0,"2","2","4","3"
"60","FB",1,"11",0.513,0.001,"3","2",0.75,0,"2","2","4","3"
"60","FB",1,"11",0.513,0.001,"3","2",0.75,0,"2","2","4","3"
"60","FB",1,"11",0.513,0.001,"3","2",0.75,0,"2","2","4","3"
"60","FB",1,"11",0.513,0.001,"3","2",0.75,0,"2","2","4","3"
"60","LR",0,"11",0.513,0.001,"3","2",0.75,0,"2","2","4","3"
"60","LR",0,"11",0.513,0.001,"3","2",0.75,0,"2","2","4","3"
"60","LR",0,"11",0.513,0.001,"3","2",0.75,0,"2","2","4","3"
"60","LR",0,"11",0.513,0.001,"3","2",0.75,0,"2","2","4","3"
"60","LR",0,"11",0.513,0.001,"3","2",0.75,0,"2","2","4","3"
"60","LR",0,"11",0.513,0.001,"3","2",0.75,0,"2","2","4","3"
"60","LR",0,"11",0.513,0.001,"3","2",0.75,0,"2","2","4","3"
"60","LR",0,"11",0.513,0.001,"3","2",0.75,0,"2","2","4","3"
"61","FB",0,"23",0.032,0.537,"4","1",0,0.375,"5","4","5","4"
"61","FB",0,"23",0.032,0.537,"4","1",0,0.375,"5","4","5","4"
"61","FB",0,"23",0.032,0.537,"4","1",0,0.375,"5","4","5","4"
"61","FB",0,"23",0.032,0.537,"4","1",0,0.375,"5","4","5","4"
"61","FB",0,"23",0.032,0.537,"4","1",0,0.375,"5","4","5","4"
"61","FB",0,"23",0.032,0.537,"4","1",0,0.375,"5","4","5","4"
"61","FB",0,"23",0.032,0.537,"4","1",0,0.375,"5","4","5","4"
"61","FB",0,"23",0.032,0.537,"4","1",0,0.375,"5","4","5","4"
"61","LR",0,"23",0.032,0.537,"4","1",0,0.375,"5","4","5","4"
"61","LR",0,"23",0.032,0.537,"4","1",0,0.375,"5","4","5","4"
"61","LR",0,"23",0.032,0.537,"4","1",0,0.375,"5","4","5","4"
"61","LR",0,"23",0.032,0.537,"4","1",0,0.375,"5","4","5","4"
"61","LR",0,"23",0.032,0.537,"4","1",0,0.375,"5","4","5","4"
"61","LR",1,"23",0.032,0.537,"4","1",0,0.375,"5","4","5","4"
"61","LR",1,"23",0.032,0.537,"4","1",0,0.375,"5","4","5","4"
"61","LR",1,"23",0.032,0.537,"4","1",0,0.375,"5","4","5","4"
"62","FB",0,"11",0.534,0.117,"3","2",0.5,0.125,"2","2","2","3"
"62","FB",0,"11",0.534,0.117,"3","2",0.5,0.125,"2","2","2","3"
"62","FB",0,"11",0.534,0.117,"3","2",0.5,0.125,"2","2","2","3"
"62","FB",0,"11",0.534,0.117,"3","2",0.5,0.125,"2","2","2","3"
"62","FB",1,"11",0.534,0.117,"3","2",0.5,0.125,"2","2","2","3"
"62","FB",1,"11",0.534,0.117,"3","2",0.5,0.125,"2","2","2","3"
"62","FB",1,"11",0.534,0.117,"3","2",0.5,0.125,"2","2","2","3"
"62","FB",1,"11",0.534,0.117,"3","2",0.5,0.125,"2","2","2","3"
"62","LR",0,"11",0.534,0.117,"3","2",0.5,0.125,"2","2","2","3"
"62","LR",0,"11",0.534,0.117,"3","2",0.5,0.125,"2","2","2","3"
"62","LR",0,"11",0.534,0.117,"3","2",0.5,0.125,"2","2","2","3"
"62","LR",0,"11",0.534,0.117,"3","2",0.5,0.125,"2","2","2","3"
"62","LR",0,"11",0.534,0.117,"3","2",0.5,0.125,"2","2","2","3"
"62","LR",0,"11",0.534,0.117,"3","2",0.5,0.125,"2","2","2","3"
"62","LR",0,"11",0.534,0.117,"3","2",0.5,0.125,"2","2","2","3"
"62","LR",1,"11",0.534,0.117,"3","2",0.5,0.125,"2","2","2","3"
"63","FB",0,"15",0.544,1,"2","4",0.875,1,"6","3","3","2"
"63","FB",1,"15",0.544,1,"2","4",0.875,1,"6","3","3","2"
"63","FB",1,"15",0.544,1,"2","4",0.875,1,"6","3","3","2"
"63","FB",1,"15",0.544,1,"2","4",0.875,1,"6","3","3","2"
"63","FB",1,"15",0.544,1,"2","4",0.875,1,"6","3","3","2"
"63","FB",1,"15",0.544,1,"2","4",0.875,1,"6","3","3","2"
"63","FB",1,"15",0.544,1,"2","4",0.875,1,"6","3","3","2"
"63","FB",1,"15",0.544,1,"2","4",0.875,1,"6","3","3","2"
"63","LR",1,"15",0.544,1,"2","4",0.875,1,"6","3","3","2"
"63","LR",1,"15",0.544,1,"2","4",0.875,1,"6","3","3","2"
"63","LR",1,"15",0.544,1,"2","4",0.875,1,"6","3","3","2"
"63","LR",1,"15",0.544,1,"2","4",0.875,1,"6","3","3","2"
"63","LR",1,"15",0.544,1,"2","4",0.875,1,"6","3","3","2"
"63","LR",1,"15",0.544,1,"2","4",0.875,1,"6","3","3","2"
"63","LR",1,"15",0.544,1,"2","4",0.875,1,"6","3","3","2"
"63","LR",1,"15",0.544,1,"2","4",0.875,1,"6","3","3","2"
"64","FB",0,"11",0.383,0,"3","2",0.5,0,"2","2","4","3"
"64","FB",0,"11",0.383,0,"3","2",0.5,0,"2","2","4","3"
"64","FB",0,"11",0.383,0,"3","2",0.5,0,"2","2","4","3"
"64","FB",0,"11",0.383,0,"3","2",0.5,0,"2","2","4","3"
"64","FB",1,"11",0.383,0,"3","2",0.5,0,"2","2","4","3"
"64","FB",1,"11",0.383,0,"3","2",0.5,0,"2","2","4","3"
"64","FB",1,"11",0.383,0,"3","2",0.5,0,"2","2","4","3"
"64","FB",1,"11",0.383,0,"3","2",0.5,0,"2","2","4","3"
"64","LR",0,"11",0.383,0,"3","2",0.5,0,"2","2","4","3"
"64","LR",0,"11",0.383,0,"3","2",0.5,0,"2","2","4","3"
"64","LR",0,"11",0.383,0,"3","2",0.5,0,"2","2","4","3"
"64","LR",0,"11",0.383,0,"3","2",0.5,0,"2","2","4","3"
"64","LR",0,"11",0.383,0,"3","2",0.5,0,"2","2","4","3"
"64","LR",0,"11",0.383,0,"3","2",0.5,0,"2","2","4","3"
"64","LR",0,"11",0.383,0,"3","2",0.5,0,"2","2","4","3"
"64","LR",0,"11",0.383,0,"3","2",0.5,0,"2","2","4","3"
"65","FB",1,"3",1,0.589,"1","3",1,0.375,"1","1","1","1"
"65","FB",1,"3",1,0.589,"1","3",1,0.375,"1","1","1","1"
"65","FB",1,"3",1,0.589,"1","3",1,0.375,"1","1","1","1"
"65","FB",1,"3",1,0.589,"1","3",1,0.375,"1","1","1","1"
"65","FB",1,"3",1,0.589,"1","3",1,0.375,"1","1","1","1"
"65","FB",1,"3",1,0.589,"1","3",1,0.375,"1","1","1","1"
"65","FB",1,"3",1,0.589,"1","3",1,0.375,"1","1","1","1"
"65","FB",1,"3",1,0.589,"1","3",1,0.375,"1","1","1","1"
"65","LR",0,"3",1,0.589,"1","3",1,0.375,"1","1","1","1"
"65","LR",0,"3",1,0.589,"1","3",1,0.375,"1","1","1","1"
"65","LR",0,"3",1,0.589,"1","3",1,0.375,"1","1","1","1"
"65","LR",0,"3",1,0.589,"1","3",1,0.375,"1","1","1","1"
"65","LR",0,"3",1,0.589,"1","3",1,0.375,"1","1","1","1"
"65","LR",1,"3",1,0.589,"1","3",1,0.375,"1","1","1","1"
"65","LR",1,"3",1,0.589,"1","3",1,0.375,"1","1","1","1"
"65","LR",1,"3",1,0.589,"1","3",1,0.375,"1","1","1","1"
"66","FB",0,"11",0.497,0.024,"3","2",0.5,0,"2","2","4","3"
"66","FB",0,"11",0.497,0.024,"3","2",0.5,0,"2","2","4","3"
"66","FB",0,"11",0.497,0.024,"3","2",0.5,0,"2","2","4","3"
"66","FB",0,"11",0.497,0.024,"3","2",0.5,0,"2","2","4","3"
"66","FB",1,"11",0.497,0.024,"3","2",0.5,0,"2","2","4","3"
"66","FB",1,"11",0.497,0.024,"3","2",0.5,0,"2","2","4","3"
"66","FB",1,"11",0.497,0.024,"3","2",0.5,0,"2","2","4","3"
"66","FB",1,"11",0.497,0.024,"3","2",0.5,0,"2","2","4","3"
"66","LR",0,"11",0.497,0.024,"3","2",0.5,0,"2","2","4","3"
"66","LR",0,"11",0.497,0.024,"3","2",0.5,0,"2","2","4","3"
"66","LR",0,"11",0.497,0.024,"3","2",0.5,0,"2","2","4","3"
"66","LR",0,"11",0.497,0.024,"3","2",0.5,0,"2","2","4","3"
"66","LR",0,"11",0.497,0.024,"3","2",0.5,0,"2","2","4","3"
"66","LR",0,"11",0.497,0.024,"3","2",0.5,0,"2","2","4","3"
"66","LR",0,"11",0.497,0.024,"3","2",0.5,0,"2","2","4","3"
"66","LR",0,"11",0.497,0.024,"3","2",0.5,0,"2","2","4","3"
"67","FB",0,"23",0,0.513,"4","1",0,0.75,"5","4","5","4"
"67","FB",0,"23",0,0.513,"4","1",0,0.75,"5","4","5","4"
"67","FB",0,"23",0,0.513,"4","1",0,0.75,"5","4","5","4"
"67","FB",0,"23",0,0.513,"4","1",0,0.75,"5","4","5","4"
"67","FB",0,"23",0,0.513,"4","1",0,0.75,"5","4","5","4"
"67","FB",0,"23",0,0.513,"4","1",0,0.75,"5","4","5","4"
"67","FB",0,"23",0,0.513,"4","1",0,0.75,"5","4","5","4"
"67","FB",0,"23",0,0.513,"4","1",0,0.75,"5","4","5","4"
"67","LR",0,"23",0,0.513,"4","1",0,0.75,"5","4","5","4"
"67","LR",0,"23",0,0.513,"4","1",0,0.75,"5","4","5","4"
"67","LR",1,"23",0,0.513,"4","1",0,0.75,"5","4","5","4"
"67","LR",1,"23",0,0.513,"4","1",0,0.75,"5","4","5","4"
"67","LR",1,"23",0,0.513,"4","1",0,0.75,"5","4","5","4"
"67","LR",1,"23",0,0.513,"4","1",0,0.75,"5","4","5","4"
"67","LR",1,"23",0,0.513,"4","1",0,0.75,"5","4","5","4"
"67","LR",1,"23",0,0.513,"4","1",0,0.75,"5","4","5","4"
"68","FB",1,"3",1,0.533,"1","3",1,0.75,"1","1","1","1"
"68","FB",1,"3",1,0.533,"1","3",1,0.75,"1","1","1","1"
"68","FB",1,"3",1,0.533,"1","3",1,0.75,"1","1","1","1"
"68","FB",1,"3",1,0.533,"1","3",1,0.75,"1","1","1","1"
"68","FB",1,"3",1,0.533,"1","3",1,0.75,"1","1","1","1"
"68","FB",1,"3",1,0.533,"1","3",1,0.75,"1","1","1","1"
"68","FB",1,"3",1,0.533,"1","3",1,0.75,"1","1","1","1"
"68","FB",1,"3",1,0.533,"1","3",1,0.75,"1","1","1","1"
"68","LR",0,"3",1,0.533,"1","3",1,0.75,"1","1","1","1"
"68","LR",0,"3",1,0.533,"1","3",1,0.75,"1","1","1","1"
"68","LR",1,"3",1,0.533,"1","3",1,0.75,"1","1","1","1"
"68","LR",1,"3",1,0.533,"1","3",1,0.75,"1","1","1","1"
"68","LR",1,"3",1,0.533,"1","3",1,0.75,"1","1","1","1"
"68","LR",1,"3",1,0.533,"1","3",1,0.75,"1","1","1","1"
"68","LR",1,"3",1,0.533,"1","3",1,0.75,"1","1","1","1"
"68","LR",1,"3",1,0.533,"1","3",1,0.75,"1","1","1","1"
"69","FB",0,"15",0.49,0.989,"2","4",0.5,1,"3","3","3","2"
"69","FB",0,"15",0.49,0.989,"2","4",0.5,1,"3","3","3","2"
"69","FB",0,"15",0.49,0.989,"2","4",0.5,1,"3","3","3","2"
"69","FB",0,"15",0.49,0.989,"2","4",0.5,1,"3","3","3","2"
"69","FB",1,"15",0.49,0.989,"2","4",0.5,1,"3","3","3","2"
"69","FB",1,"15",0.49,0.989,"2","4",0.5,1,"3","3","3","2"
"69","FB",1,"15",0.49,0.989,"2","4",0.5,1,"3","3","3","2"
"69","FB",1,"15",0.49,0.989,"2","4",0.5,1,"3","3","3","2"
"69","LR",1,"15",0.49,0.989,"2","4",0.5,1,"3","3","3","2"
"69","LR",1,"15",0.49,0.989,"2","4",0.5,1,"3","3","3","2"
"69","LR",1,"15",0.49,0.989,"2","4",0.5,1,"3","3","3","2"
"69","LR",1,"15",0.49,0.989,"2","4",0.5,1,"3","3","3","2"
"69","LR",1,"15",0.49,0.989,"2","4",0.5,1,"3","3","3","2"
"69","LR",1,"15",0.49,0.989,"2","4",0.5,1,"3","3","3","2"
"69","LR",1,"15",0.49,0.989,"2","4",0.5,1,"3","3","3","2"
"69","LR",1,"15",0.49,0.989,"2","4",0.5,1,"3","3","3","2"
"70","FB",0,"11",0.517,0,"3","2",0.75,0,"2","2","4","3"
"70","FB",0,"11",0.517,0,"3","2",0.75,0,"2","2","4","3"
"70","FB",1,"11",0.517,0,"3","2",0.75,0,"2","2","4","3"
"70","FB",1,"11",0.517,0,"3","2",0.75,0,"2","2","4","3"
"70","FB",1,"11",0.517,0,"3","2",0.75,0,"2","2","4","3"
"70","FB",1,"11",0.517,0,"3","2",0.75,0,"2","2","4","3"
"70","FB",1,"11",0.517,0,"3","2",0.75,0,"2","2","4","3"
"70","FB",1,"11",0.517,0,"3","2",0.75,0,"2","2","4","3"
"70","LR",0,"11",0.517,0,"3","2",0.75,0,"2","2","4","3"
"70","LR",0,"11",0.517,0,"3","2",0.75,0,"2","2","4","3"
"70","LR",0,"11",0.517,0,"3","2",0.75,0,"2","2","4","3"
"70","LR",0,"11",0.517,0,"3","2",0.75,0,"2","2","4","3"
"70","LR",0,"11",0.517,0,"3","2",0.75,0,"2","2","4","3"
"70","LR",0,"11",0.517,0,"3","2",0.75,0,"2","2","4","3"
"70","LR",0,"11",0.517,0,"3","2",0.75,0,"2","2","4","3"
"70","LR",0,"11",0.517,0,"3","2",0.75,0,"2","2","4","3"
"71","FB",0,"3",0.933,0.492,"1","3",0.875,0.625,"1","1","1","1"
"71","FB",1,"3",0.933,0.492,"1","3",0.875,0.625,"1","1","1","1"
"71","FB",1,"3",0.933,0.492,"1","3",0.875,0.625,"1","1","1","1"
"71","FB",1,"3",0.933,0.492,"1","3",0.875,0.625,"1","1","1","1"
"71","FB",1,"3",0.933,0.492,"1","3",0.875,0.625,"1","1","1","1"
"71","FB",1,"3",0.933,0.492,"1","3",0.875,0.625,"1","1","1","1"
"71","FB",1,"3",0.933,0.492,"1","3",0.875,0.625,"1","1","1","1"
"71","FB",1,"3",0.933,0.492,"1","3",0.875,0.625,"1","1","1","1"
"71","LR",0,"3",0.933,0.492,"1","3",0.875,0.625,"1","1","1","1"
"71","LR",0,"3",0.933,0.492,"1","3",0.875,0.625,"1","1","1","1"
"71","LR",0,"3",0.933,0.492,"1","3",0.875,0.625,"1","1","1","1"
"71","LR",1,"3",0.933,0.492,"1","3",0.875,0.625,"1","1","1","1"
"71","LR",1,"3",0.933,0.492,"1","3",0.875,0.625,"1","1","1","1"
"71","LR",1,"3",0.933,0.492,"1","3",0.875,0.625,"1","1","1","1"
"71","LR",1,"3",0.933,0.492,"1","3",0.875,0.625,"1","1","1","1"
"71","LR",1,"3",0.933,0.492,"1","3",0.875,0.625,"1","1","1","1"
"72","FB",0,"15",0.528,0.922,"2","4",0.5,1,"3","3","3","2"
"72","FB",0,"15",0.528,0.922,"2","4",0.5,1,"3","3","3","2"
"72","FB",0,"15",0.528,0.922,"2","4",0.5,1,"3","3","3","2"
"72","FB",0,"15",0.528,0.922,"2","4",0.5,1,"3","3","3","2"
"72","FB",1,"15",0.528,0.922,"2","4",0.5,1,"3","3","3","2"
"72","FB",1,"15",0.528,0.922,"2","4",0.5,1,"3","3","3","2"
"72","FB",1,"15",0.528,0.922,"2","4",0.5,1,"3","3","3","2"
"72","FB",1,"15",0.528,0.922,"2","4",0.5,1,"3","3","3","2"
"72","LR",1,"15",0.528,0.922,"2","4",0.5,1,"3","3","3","2"
"72","LR",1,"15",0.528,0.922,"2","4",0.5,1,"3","3","3","2"
"72","LR",1,"15",0.528,0.922,"2","4",0.5,1,"3","3","3","2"
"72","LR",1,"15",0.528,0.922,"2","4",0.5,1,"3","3","3","2"
"72","LR",1,"15",0.528,0.922,"2","4",0.5,1,"3","3","3","2"
"72","LR",1,"15",0.528,0.922,"2","4",0.5,1,"3","3","3","2"
"72","LR",1,"15",0.528,0.922,"2","4",0.5,1,"3","3","3","2"
"72","LR",1,"15",0.528,0.922,"2","4",0.5,1,"3","3","3","2"
"73","FB",1,"3",0.907,0.371,"1","3",1,0.125,"4","1","2","1"
"73","FB",1,"3",0.907,0.371,"1","3",1,0.125,"4","1","2","1"
"73","FB",1,"3",0.907,0.371,"1","3",1,0.125,"4","1","2","1"
"73","FB",1,"3",0.907,0.371,"1","3",1,0.125,"4","1","2","1"
"73","FB",1,"3",0.907,0.371,"1","3",1,0.125,"4","1","2","1"
"73","FB",1,"3",0.907,0.371,"1","3",1,0.125,"4","1","2","1"
"73","FB",1,"3",0.907,0.371,"1","3",1,0.125,"4","1","2","1"
"73","FB",1,"3",0.907,0.371,"1","3",1,0.125,"4","1","2","1"
"73","LR",0,"3",0.907,0.371,"1","3",1,0.125,"4","1","2","1"
"73","LR",0,"3",0.907,0.371,"1","3",1,0.125,"4","1","2","1"
"73","LR",0,"3",0.907,0.371,"1","3",1,0.125,"4","1","2","1"
"73","LR",0,"3",0.907,0.371,"1","3",1,0.125,"4","1","2","1"
"73","LR",0,"3",0.907,0.371,"1","3",1,0.125,"4","1","2","1"
"73","LR",0,"3",0.907,0.371,"1","3",1,0.125,"4","1","2","1"
"73","LR",0,"3",0.907,0.371,"1","3",1,0.125,"4","1","2","1"
"73","LR",1,"3",0.907,0.371,"1","3",1,0.125,"4","1","2","1"
"74","FB",1,"3",1,0.54,"1","3",1,0.375,"1","1","1","1"
"74","FB",1,"3",1,0.54,"1","3",1,0.375,"1","1","1","1"
"74","FB",1,"3",1,0.54,"1","3",1,0.375,"1","1","1","1"
"74","FB",1,"3",1,0.54,"1","3",1,0.375,"1","1","1","1"
"74","FB",1,"3",1,0.54,"1","3",1,0.375,"1","1","1","1"
"74","FB",1,"3",1,0.54,"1","3",1,0.375,"1","1","1","1"
"74","FB",1,"3",1,0.54,"1","3",1,0.375,"1","1","1","1"
"74","FB",1,"3",1,0.54,"1","3",1,0.375,"1","1","1","1"
"74","LR",0,"3",1,0.54,"1","3",1,0.375,"1","1","1","1"
"74","LR",0,"3",1,0.54,"1","3",1,0.375,"1","1","1","1"
"74","LR",0,"3",1,0.54,"1","3",1,0.375,"1","1","1","1"
"74","LR",0,"3",1,0.54,"1","3",1,0.375,"1","1","1","1"
"74","LR",0,"3",1,0.54,"1","3",1,0.375,"1","1","1","1"
"74","LR",1,"3",1,0.54,"1","3",1,0.375,"1","1","1","1"
"74","LR",1,"3",1,0.54,"1","3",1,0.375,"1","1","1","1"
"74","LR",1,"3",1,0.54,"1","3",1,0.375,"1","1","1","1"
"75","FB",0,"23",0,0.537,"4","1",0,0.625,"5","4","5","4"
"75","FB",0,"23",0,0.537,"4","1",0,0.625,"5","4","5","4"
"75","FB",0,"23",0,0.537,"4","1",0,0.625,"5","4","5","4"
"75","FB",0,"23",0,0.537,"4","1",0,0.625,"5","4","5","4"
"75","FB",0,"23",0,0.537,"4","1",0,0.625,"5","4","5","4"
"75","FB",0,"23",0,0.537,"4","1",0,0.625,"5","4","5","4"
"75","FB",0,"23",0,0.537,"4","1",0,0.625,"5","4","5","4"
"75","FB",0,"23",0,0.537,"4","1",0,0.625,"5","4","5","4"
"75","LR",0,"23",0,0.537,"4","1",0,0.625,"5","4","5","4"
"75","LR",0,"23",0,0.537,"4","1",0,0.625,"5","4","5","4"
"75","LR",0,"23",0,0.537,"4","1",0,0.625,"5","4","5","4"
"75","LR",1,"23",0,0.537,"4","1",0,0.625,"5","4","5","4"
"75","LR",1,"23",0,0.537,"4","1",0,0.625,"5","4","5","4"
"75","LR",1,"23",0,0.537,"4","1",0,0.625,"5","4","5","4"
"75","LR",1,"23",0,0.537,"4","1",0,0.625,"5","4","5","4"
"75","LR",1,"23",0,0.537,"4","1",0,0.625,"5","4","5","4"
"76","FB",0,"15",0.474,0.955,"2","4",0.5,1,"3","3","3","2"
"76","FB",0,"15",0.474,0.955,"2","4",0.5,1,"3","3","3","2"
"76","FB",0,"15",0.474,0.955,"2","4",0.5,1,"3","3","3","2"
"76","FB",0,"15",0.474,0.955,"2","4",0.5,1,"3","3","3","2"
"76","FB",1,"15",0.474,0.955,"2","4",0.5,1,"3","3","3","2"
"76","FB",1,"15",0.474,0.955,"2","4",0.5,1,"3","3","3","2"
"76","FB",1,"15",0.474,0.955,"2","4",0.5,1,"3","3","3","2"
"76","FB",1,"15",0.474,0.955,"2","4",0.5,1,"3","3","3","2"
"76","LR",1,"15",0.474,0.955,"2","4",0.5,1,"3","3","3","2"
"76","LR",1,"15",0.474,0.955,"2","4",0.5,1,"3","3","3","2"
"76","LR",1,"15",0.474,0.955,"2","4",0.5,1,"3","3","3","2"
"76","LR",1,"15",0.474,0.955,"2","4",0.5,1,"3","3","3","2"
"76","LR",1,"15",0.474,0.955,"2","4",0.5,1,"3","3","3","2"
"76","LR",1,"15",0.474,0.955,"2","4",0.5,1,"3","3","3","2"
"76","LR",1,"15",0.474,0.955,"2","4",0.5,1,"3","3","3","2"
"76","LR",1,"15",0.474,0.955,"2","4",0.5,1,"3","3","3","2"
"77","FB",0,"23",0.069,0.504,"4","1",0,0.625,"5","4","5","4"
"77","FB",0,"23",0.069,0.504,"4","1",0,0.625,"5","4","5","4"
"77","FB",0,"23",0.069,0.504,"4","1",0,0.625,"5","4","5","4"
"77","FB",0,"23",0.069,0.504,"4","1",0,0.625,"5","4","5","4"
"77","FB",0,"23",0.069,0.504,"4","1",0,0.625,"5","4","5","4"
"77","FB",0,"23",0.069,0.504,"4","1",0,0.625,"5","4","5","4"
"77","FB",0,"23",0.069,0.504,"4","1",0,0.625,"5","4","5","4"
"77","FB",0,"23",0.069,0.504,"4","1",0,0.625,"5","4","5","4"
"77","LR",0,"23",0.069,0.504,"4","1",0,0.625,"5","4","5","4"
"77","LR",0,"23",0.069,0.504,"4","1",0,0.625,"5","4","5","4"
"77","LR",0,"23",0.069,0.504,"4","1",0,0.625,"5","4","5","4"
"77","LR",1,"23",0.069,0.504,"4","1",0,0.625,"5","4","5","4"
"77","LR",1,"23",0.069,0.504,"4","1",0,0.625,"5","4","5","4"
"77","LR",1,"23",0.069,0.504,"4","1",0,0.625,"5","4","5","4"
"77","LR",1,"23",0.069,0.504,"4","1",0,0.625,"5","4","5","4"
"77","LR",1,"23",0.069,0.504,"4","1",0,0.625,"5","4","5","4"
"78","FB",0,"3",0.914,0.452,"1","3",0.875,0.5,"1","1","1","1"
"78","FB",1,"3",0.914,0.452,"1","3",0.875,0.5,"1","1","1","1"
"78","FB",1,"3",0.914,0.452,"1","3",0.875,0.5,"1","1","1","1"
"78","FB",1,"3",0.914,0.452,"1","3",0.875,0.5,"1","1","1","1"
"78","FB",1,"3",0.914,0.452,"1","3",0.875,0.5,"1","1","1","1"
"78","FB",1,"3",0.914,0.452,"1","3",0.875,0.5,"1","1","1","1"
"78","FB",1,"3",0.914,0.452,"1","3",0.875,0.5,"1","1","1","1"
"78","FB",1,"3",0.914,0.452,"1","3",0.875,0.5,"1","1","1","1"
"78","LR",0,"3",0.914,0.452,"1","3",0.875,0.5,"1","1","1","1"
"78","LR",0,"3",0.914,0.452,"1","3",0.875,0.5,"1","1","1","1"
"78","LR",0,"3",0.914,0.452,"1","3",0.875,0.5,"1","1","1","1"
"78","LR",0,"3",0.914,0.452,"1","3",0.875,0.5,"1","1","1","1"
"78","LR",1,"3",0.914,0.452,"1","3",0.875,0.5,"1","1","1","1"
"78","LR",1,"3",0.914,0.452,"1","3",0.875,0.5,"1","1","1","1"
"78","LR",1,"3",0.914,0.452,"1","3",0.875,0.5,"1","1","1","1"
"78","LR",1,"3",0.914,0.452,"1","3",0.875,0.5,"1","1","1","1"
"79","FB",0,"23",0.013,0.426,"4","1",0,0.5,"5","4","5","4"
"79","FB",0,"23",0.013,0.426,"4","1",0,0.5,"5","4","5","4"
"79","FB",0,"23",0.013,0.426,"4","1",0,0.5,"5","4","5","4"
"79","FB",0,"23",0.013,0.426,"4","1",0,0.5,"5","4","5","4"
"79","FB",0,"23",0.013,0.426,"4","1",0,0.5,"5","4","5","4"
"79","FB",0,"23",0.013,0.426,"4","1",0,0.5,"5","4","5","4"
"79","FB",0,"23",0.013,0.426,"4","1",0,0.5,"5","4","5","4"
"79","FB",0,"23",0.013,0.426,"4","1",0,0.5,"5","4","5","4"
"79","LR",0,"23",0.013,0.426,"4","1",0,0.5,"5","4","5","4"
"79","LR",0,"23",0.013,0.426,"4","1",0,0.5,"5","4","5","4"
"79","LR",0,"23",0.013,0.426,"4","1",0,0.5,"5","4","5","4"
"79","LR",0,"23",0.013,0.426,"4","1",0,0.5,"5","4","5","4"
"79","LR",1,"23",0.013,0.426,"4","1",0,0.5,"5","4","5","4"
"79","LR",1,"23",0.013,0.426,"4","1",0,0.5,"5","4","5","4"
"79","LR",1,"23",0.013,0.426,"4","1",0,0.5,"5","4","5","4"
"79","LR",1,"23",0.013,0.426,"4","1",0,0.5,"5","4","5","4"
"80","FB",1,"3",1,0.467,"1","3",1,0.5,"1","1","1","1"
"80","FB",1,"3",1,0.467,"1","3",1,0.5,"1","1","1","1"
"80","FB",1,"3",1,0.467,"1","3",1,0.5,"1","1","1","1"
"80","FB",1,"3",1,0.467,"1","3",1,0.5,"1","1","1","1"
"80","FB",1,"3",1,0.467,"1","3",1,0.5,"1","1","1","1"
"80","FB",1,"3",1,0.467,"1","3",1,0.5,"1","1","1","1"
"80","FB",1,"3",1,0.467,"1","3",1,0.5,"1","1","1","1"
"80","FB",1,"3",1,0.467,"1","3",1,0.5,"1","1","1","1"
"80","LR",0,"3",1,0.467,"1","3",1,0.5,"1","1","1","1"
"80","LR",0,"3",1,0.467,"1","3",1,0.5,"1","1","1","1"
"80","LR",0,"3",1,0.467,"1","3",1,0.5,"1","1","1","1"
"80","LR",0,"3",1,0.467,"1","3",1,0.5,"1","1","1","1"
"80","LR",1,"3",1,0.467,"1","3",1,0.5,"1","1","1","1"
"80","LR",1,"3",1,0.467,"1","3",1,0.5,"1","1","1","1"
"80","LR",1,"3",1,0.467,"1","3",1,0.5,"1","1","1","1"
"80","LR",1,"3",1,0.467,"1","3",1,0.5,"1","1","1","1"
"81","FB",0,"15",0.543,0.962,"2","4",0.625,0.875,"6","3","6","2"
"81","FB",0,"15",0.543,0.962,"2","4",0.625,0.875,"6","3","6","2"
"81","FB",0,"15",0.543,0.962,"2","4",0.625,0.875,"6","3","6","2"
"81","FB",1,"15",0.543,0.962,"2","4",0.625,0.875,"6","3","6","2"
"81","FB",1,"15",0.543,0.962,"2","4",0.625,0.875,"6","3","6","2"
"81","FB",1,"15",0.543,0.962,"2","4",0.625,0.875,"6","3","6","2"
"81","FB",1,"15",0.543,0.962,"2","4",0.625,0.875,"6","3","6","2"
"81","FB",1,"15",0.543,0.962,"2","4",0.625,0.875,"6","3","6","2"
"81","LR",0,"15",0.543,0.962,"2","4",0.625,0.875,"6","3","6","2"
"81","LR",1,"15",0.543,0.962,"2","4",0.625,0.875,"6","3","6","2"
"81","LR",1,"15",0.543,0.962,"2","4",0.625,0.875,"6","3","6","2"
"81","LR",1,"15",0.543,0.962,"2","4",0.625,0.875,"6","3","6","2"
"81","LR",1,"15",0.543,0.962,"2","4",0.625,0.875,"6","3","6","2"
"81","LR",1,"15",0.543,0.962,"2","4",0.625,0.875,"6","3","6","2"
"81","LR",1,"15",0.543,0.962,"2","4",0.625,0.875,"6","3","6","2"
"81","LR",1,"15",0.543,0.962,"2","4",0.625,0.875,"6","3","6","2"
"82","FB",0,"15",0.458,0.976,"2","4",0.125,1,"5","4","3","2"
"82","FB",0,"15",0.458,0.976,"2","4",0.125,1,"5","4","3","2"
"82","FB",0,"15",0.458,0.976,"2","4",0.125,1,"5","4","3","2"
"82","FB",0,"15",0.458,0.976,"2","4",0.125,1,"5","4","3","2"
"82","FB",0,"15",0.458,0.976,"2","4",0.125,1,"5","4","3","2"
"82","FB",0,"15",0.458,0.976,"2","4",0.125,1,"5","4","3","2"
"82","FB",0,"15",0.458,0.976,"2","4",0.125,1,"5","4","3","2"
"82","FB",1,"15",0.458,0.976,"2","4",0.125,1,"5","4","3","2"
"82","LR",1,"15",0.458,0.976,"2","4",0.125,1,"5","4","3","2"
"82","LR",1,"15",0.458,0.976,"2","4",0.125,1,"5","4","3","2"
"82","LR",1,"15",0.458,0.976,"2","4",0.125,1,"5","4","3","2"
"82","LR",1,"15",0.458,0.976,"2","4",0.125,1,"5","4","3","2"
"82","LR",1,"15",0.458,0.976,"2","4",0.125,1,"5","4","3","2"
"82","LR",1,"15",0.458,0.976,"2","4",0.125,1,"5","4","3","2"
"82","LR",1,"15",0.458,0.976,"2","4",0.125,1,"5","4","3","2"
"82","LR",1,"15",0.458,0.976,"2","4",0.125,1,"5","4","3","2"
"83","FB",0,"11",0.496,0.046,"3","2",0.625,0,"2","2","4","3"
"83","FB",0,"11",0.496,0.046,"3","2",0.625,0,"2","2","4","3"
"83","FB",0,"11",0.496,0.046,"3","2",0.625,0,"2","2","4","3"
"83","FB",1,"11",0.496,0.046,"3","2",0.625,0,"2","2","4","3"
"83","FB",1,"11",0.496,0.046,"3","2",0.625,0,"2","2","4","3"
"83","FB",1,"11",0.496,0.046,"3","2",0.625,0,"2","2","4","3"
"83","FB",1,"11",0.496,0.046,"3","2",0.625,0,"2","2","4","3"
"83","FB",1,"11",0.496,0.046,"3","2",0.625,0,"2","2","4","3"
"83","LR",0,"11",0.496,0.046,"3","2",0.625,0,"2","2","4","3"
"83","LR",0,"11",0.496,0.046,"3","2",0.625,0,"2","2","4","3"
"83","LR",0,"11",0.496,0.046,"3","2",0.625,0,"2","2","4","3"
"83","LR",0,"11",0.496,0.046,"3","2",0.625,0,"2","2","4","3"
"83","LR",0,"11",0.496,0.046,"3","2",0.625,0,"2","2","4","3"
"83","LR",0,"11",0.496,0.046,"3","2",0.625,0,"2","2","4","3"
"83","LR",0,"11",0.496,0.046,"3","2",0.625,0,"2","2","4","3"
"83","LR",0,"11",0.496,0.046,"3","2",0.625,0,"2","2","4","3"
"84","FB",1,"3",0.99,0.545,"1","3",1,0.5,"1","1","1","1"
"84","FB",1,"3",0.99,0.545,"1","3",1,0.5,"1","1","1","1"
"84","FB",1,"3",0.99,0.545,"1","3",1,0.5,"1","1","1","1"
"84","FB",1,"3",0.99,0.545,"1","3",1,0.5,"1","1","1","1"
"84","FB",1,"3",0.99,0.545,"1","3",1,0.5,"1","1","1","1"
"84","FB",1,"3",0.99,0.545,"1","3",1,0.5,"1","1","1","1"
"84","FB",1,"3",0.99,0.545,"1","3",1,0.5,"1","1","1","1"
"84","FB",1,"3",0.99,0.545,"1","3",1,0.5,"1","1","1","1"
"84","LR",0,"3",0.99,0.545,"1","3",1,0.5,"1","1","1","1"
"84","LR",0,"3",0.99,0.545,"1","3",1,0.5,"1","1","1","1"
"84","LR",0,"3",0.99,0.545,"1","3",1,0.5,"1","1","1","1"
"84","LR",0,"3",0.99,0.545,"1","3",1,0.5,"1","1","1","1"
"84","LR",1,"3",0.99,0.545,"1","3",1,0.5,"1","1","1","1"
"84","LR",1,"3",0.99,0.545,"1","3",1,0.5,"1","1","1","1"
"84","LR",1,"3",0.99,0.545,"1","3",1,0.5,"1","1","1","1"
"84","LR",1,"3",0.99,0.545,"1","3",1,0.5,"1","1","1","1"
"85","FB",0,"11",0.391,0.04,"4","1",0,0,"5","4","4","3"
"85","FB",0,"11",0.391,0.04,"4","1",0,0,"5","4","4","3"
"85","FB",0,"11",0.391,0.04,"4","1",0,0,"5","4","4","3"
"85","FB",0,"11",0.391,0.04,"4","1",0,0,"5","4","4","3"
"85","FB",0,"11",0.391,0.04,"4","1",0,0,"5","4","4","3"
"85","FB",0,"11",0.391,0.04,"4","1",0,0,"5","4","4","3"
"85","FB",0,"11",0.391,0.04,"4","1",0,0,"5","4","4","3"
"85","FB",0,"11",0.391,0.04,"4","1",0,0,"5","4","4","3"
"85","LR",0,"11",0.391,0.04,"4","1",0,0,"5","4","4","3"
"85","LR",0,"11",0.391,0.04,"4","1",0,0,"5","4","4","3"
"85","LR",0,"11",0.391,0.04,"4","1",0,0,"5","4","4","3"
"85","LR",0,"11",0.391,0.04,"4","1",0,0,"5","4","4","3"
"85","LR",0,"11",0.391,0.04,"4","1",0,0,"5","4","4","3"
"85","LR",0,"11",0.391,0.04,"4","1",0,0,"5","4","4","3"
"85","LR",0,"11",0.391,0.04,"4","1",0,0,"5","4","4","3"
"85","LR",0,"11",0.391,0.04,"4","1",0,0,"5","4","4","3"
"86","FB",0,"11",0.479,0,"3","2",0.375,0,"2","2","4","3"
"86","FB",0,"11",0.479,0,"3","2",0.375,0,"2","2","4","3"
"86","FB",0,"11",0.479,0,"3","2",0.375,0,"2","2","4","3"
"86","FB",0,"11",0.479,0,"3","2",0.375,0,"2","2","4","3"
"86","FB",0,"11",0.479,0,"3","2",0.375,0,"2","2","4","3"
"86","FB",1,"11",0.479,0,"3","2",0.375,0,"2","2","4","3"
"86","FB",1,"11",0.479,0,"3","2",0.375,0,"2","2","4","3"
"86","FB",1,"11",0.479,0,"3","2",0.375,0,"2","2","4","3"
"86","LR",0,"11",0.479,0,"3","2",0.375,0,"2","2","4","3"
"86","LR",0,"11",0.479,0,"3","2",0.375,0,"2","2","4","3"
"86","LR",0,"11",0.479,0,"3","2",0.375,0,"2","2","4","3"
"86","LR",0,"11",0.479,0,"3","2",0.375,0,"2","2","4","3"
"86","LR",0,"11",0.479,0,"3","2",0.375,0,"2","2","4","3"
"86","LR",0,"11",0.479,0,"3","2",0.375,0,"2","2","4","3"
"86","LR",0,"11",0.479,0,"3","2",0.375,0,"2","2","4","3"
"86","LR",0,"11",0.479,0,"3","2",0.375,0,"2","2","4","3"
"87","FB",1,"3",1,0.532,"1","3",1,0.5,"1","1","1","1"
"87","FB",1,"3",1,0.532,"1","3",1,0.5,"1","1","1","1"
"87","FB",1,"3",1,0.532,"1","3",1,0.5,"1","1","1","1"
"87","FB",1,"3",1,0.532,"1","3",1,0.5,"1","1","1","1"
"87","FB",1,"3",1,0.532,"1","3",1,0.5,"1","1","1","1"
"87","FB",1,"3",1,0.532,"1","3",1,0.5,"1","1","1","1"
"87","FB",1,"3",1,0.532,"1","3",1,0.5,"1","1","1","1"
"87","FB",1,"3",1,0.532,"1","3",1,0.5,"1","1","1","1"
"87","LR",0,"3",1,0.532,"1","3",1,0.5,"1","1","1","1"
"87","LR",0,"3",1,0.532,"1","3",1,0.5,"1","1","1","1"
"87","LR",0,"3",1,0.532,"1","3",1,0.5,"1","1","1","1"
"87","LR",0,"3",1,0.532,"1","3",1,0.5,"1","1","1","1"
"87","LR",1,"3",1,0.532,"1","3",1,0.5,"1","1","1","1"
"87","LR",1,"3",1,0.532,"1","3",1,0.5,"1","1","1","1"
"87","LR",1,"3",1,0.532,"1","3",1,0.5,"1","1","1","1"
"87","LR",1,"3",1,0.532,"1","3",1,0.5,"1","1","1","1"
"88","FB",0,"11",0.515,0,"3","2",0.625,0,"2","2","4","3"
"88","FB",0,"11",0.515,0,"3","2",0.625,0,"2","2","4","3"
"88","FB",0,"11",0.515,0,"3","2",0.625,0,"2","2","4","3"
"88","FB",1,"11",0.515,0,"3","2",0.625,0,"2","2","4","3"
"88","FB",1,"11",0.515,0,"3","2",0.625,0,"2","2","4","3"
"88","FB",1,"11",0.515,0,"3","2",0.625,0,"2","2","4","3"
"88","FB",1,"11",0.515,0,"3","2",0.625,0,"2","2","4","3"
"88","FB",1,"11",0.515,0,"3","2",0.625,0,"2","2","4","3"
"88","LR",0,"11",0.515,0,"3","2",0.625,0,"2","2","4","3"
"88","LR",0,"11",0.515,0,"3","2",0.625,0,"2","2","4","3"
"88","LR",0,"11",0.515,0,"3","2",0.625,0,"2","2","4","3"
"88","LR",0,"11",0.515,0,"3","2",0.625,0,"2","2","4","3"
"88","LR",0,"11",0.515,0,"3","2",0.625,0,"2","2","4","3"
"88","LR",0,"11",0.515,0,"3","2",0.625,0,"2","2","4","3"
"88","LR",0,"11",0.515,0,"3","2",0.625,0,"2","2","4","3"
"88","LR",0,"11",0.515,0,"3","2",0.625,0,"2","2","4","3"
"89","FB",1,"3",1,0.435,"1","3",1,0.5,"1","1","1","1"
"89","FB",1,"3",1,0.435,"1","3",1,0.5,"1","1","1","1"
"89","FB",1,"3",1,0.435,"1","3",1,0.5,"1","1","1","1"
"89","FB",1,"3",1,0.435,"1","3",1,0.5,"1","1","1","1"
"89","FB",1,"3",1,0.435,"1","3",1,0.5,"1","1","1","1"
"89","FB",1,"3",1,0.435,"1","3",1,0.5,"1","1","1","1"
"89","FB",1,"3",1,0.435,"1","3",1,0.5,"1","1","1","1"
"89","FB",1,"3",1,0.435,"1","3",1,0.5,"1","1","1","1"
"89","LR",0,"3",1,0.435,"1","3",1,0.5,"1","1","1","1"
"89","LR",0,"3",1,0.435,"1","3",1,0.5,"1","1","1","1"
"89","LR",0,"3",1,0.435,"1","3",1,0.5,"1","1","1","1"
"89","LR",0,"3",1,0.435,"1","3",1,0.5,"1","1","1","1"
"89","LR",1,"3",1,0.435,"1","3",1,0.5,"1","1","1","1"
"89","LR",1,"3",1,0.435,"1","3",1,0.5,"1","1","1","1"
"89","LR",1,"3",1,0.435,"1","3",1,0.5,"1","1","1","1"
"89","LR",1,"3",1,0.435,"1","3",1,0.5,"1","1","1","1"
"90","FB",0,"11",0.464,0.069,"3","2",0.625,0.25,"2","2","2","1"
"90","FB",0,"11",0.464,0.069,"3","2",0.625,0.25,"2","2","2","1"
"90","FB",0,"11",0.464,0.069,"3","2",0.625,0.25,"2","2","2","1"
"90","FB",1,"11",0.464,0.069,"3","2",0.625,0.25,"2","2","2","1"
"90","FB",1,"11",0.464,0.069,"3","2",0.625,0.25,"2","2","2","1"
"90","FB",1,"11",0.464,0.069,"3","2",0.625,0.25,"2","2","2","1"
"90","FB",1,"11",0.464,0.069,"3","2",0.625,0.25,"2","2","2","1"
"90","FB",1,"11",0.464,0.069,"3","2",0.625,0.25,"2","2","2","1"
"90","LR",0,"11",0.464,0.069,"3","2",0.625,0.25,"2","2","2","1"
"90","LR",0,"11",0.464,0.069,"3","2",0.625,0.25,"2","2","2","1"
"90","LR",0,"11",0.464,0.069,"3","2",0.625,0.25,"2","2","2","1"
"90","LR",0,"11",0.464,0.069,"3","2",0.625,0.25,"2","2","2","1"
"90","LR",0,"11",0.464,0.069,"3","2",0.625,0.25,"2","2","2","1"
"90","LR",0,"11",0.464,0.069,"3","2",0.625,0.25,"2","2","2","1"
"90","LR",1,"11",0.464,0.069,"3","2",0.625,0.25,"2","2","2","1"
"90","LR",1,"11",0.464,0.069,"3","2",0.625,0.25,"2","2","2","1"
"91","FB",0,"23",0,0.538,"4","1",0,0.75,"5","4","5","4"
"91","FB",0,"23",0,0.538,"4","1",0,0.75,"5","4","5","4"
"91","FB",0,"23",0,0.538,"4","1",0,0.75,"5","4","5","4"
"91","FB",0,"23",0,0.538,"4","1",0,0.75,"5","4","5","4"
"91","FB",0,"23",0,0.538,"4","1",0,0.75,"5","4","5","4"
"91","FB",0,"23",0,0.538,"4","1",0,0.75,"5","4","5","4"
"91","FB",0,"23",0,0.538,"4","1",0,0.75,"5","4","5","4"
"91","FB",0,"23",0,0.538,"4","1",0,0.75,"5","4","5","4"
"91","LR",0,"23",0,0.538,"4","1",0,0.75,"5","4","5","4"
"91","LR",0,"23",0,0.538,"4","1",0,0.75,"5","4","5","4"
"91","LR",1,"23",0,0.538,"4","1",0,0.75,"5","4","5","4"
"91","LR",1,"23",0,0.538,"4","1",0,0.75,"5","4","5","4"
"91","LR",1,"23",0,0.538,"4","1",0,0.75,"5","4","5","4"
"91","LR",1,"23",0,0.538,"4","1",0,0.75,"5","4","5","4"
"91","LR",1,"23",0,0.538,"4","1",0,0.75,"5","4","5","4"
"91","LR",1,"23",0,0.538,"4","1",0,0.75,"5","4","5","4"
"92","FB",0,"15",0.452,0.988,"2","4",0,1,"5","4","3","2"
"92","FB",0,"15",0.452,0.988,"2","4",0,1,"5","4","3","2"
"92","FB",0,"15",0.452,0.988,"2","4",0,1,"5","4","3","2"
"92","FB",0,"15",0.452,0.988,"2","4",0,1,"5","4","3","2"
"92","FB",0,"15",0.452,0.988,"2","4",0,1,"5","4","3","2"
"92","FB",0,"15",0.452,0.988,"2","4",0,1,"5","4","3","2"
"92","FB",0,"15",0.452,0.988,"2","4",0,1,"5","4","3","2"
"92","FB",0,"15",0.452,0.988,"2","4",0,1,"5","4","3","2"
"92","LR",1,"15",0.452,0.988,"2","4",0,1,"5","4","3","2"
"92","LR",1,"15",0.452,0.988,"2","4",0,1,"5","4","3","2"
"92","LR",1,"15",0.452,0.988,"2","4",0,1,"5","4","3","2"
"92","LR",1,"15",0.452,0.988,"2","4",0,1,"5","4","3","2"
"92","LR",1,"15",0.452,0.988,"2","4",0,1,"5","4","3","2"
"92","LR",1,"15",0.452,0.988,"2","4",0,1,"5","4","3","2"
"92","LR",1,"15",0.452,0.988,"2","4",0,1,"5","4","3","2"
"92","LR",1,"15",0.452,0.988,"2","4",0,1,"5","4","3","2"
"93","FB",0,"23",0,0.529,"4","1",0,0.5,"5","4","5","4"
"93","FB",0,"23",0,0.529,"4","1",0,0.5,"5","4","5","4"
"93","FB",0,"23",0,0.529,"4","1",0,0.5,"5","4","5","4"
"93","FB",0,"23",0,0.529,"4","1",0,0.5,"5","4","5","4"
"93","FB",0,"23",0,0.529,"4","1",0,0.5,"5","4","5","4"
"93","FB",0,"23",0,0.529,"4","1",0,0.5,"5","4","5","4"
"93","FB",0,"23",0,0.529,"4","1",0,0.5,"5","4","5","4"
"93","FB",0,"23",0,0.529,"4","1",0,0.5,"5","4","5","4"
"93","LR",0,"23",0,0.529,"4","1",0,0.5,"5","4","5","4"
"93","LR",0,"23",0,0.529,"4","1",0,0.5,"5","4","5","4"
"93","LR",0,"23",0,0.529,"4","1",0,0.5,"5","4","5","4"
"93","LR",0,"23",0,0.529,"4","1",0,0.5,"5","4","5","4"
"93","LR",1,"23",0,0.529,"4","1",0,0.5,"5","4","5","4"
"93","LR",1,"23",0,0.529,"4","1",0,0.5,"5","4","5","4"
"93","LR",1,"23",0,0.529,"4","1",0,0.5,"5","4","5","4"
"93","LR",1,"23",0,0.529,"4","1",0,0.5,"5","4","5","4"
"94","FB",0,"15",0.447,1,"2","4",0.25,1,"3","3","3","2"
"94","FB",0,"15",0.447,1,"2","4",0.25,1,"3","3","3","2"
"94","FB",0,"15",0.447,1,"2","4",0.25,1,"3","3","3","2"
"94","FB",0,"15",0.447,1,"2","4",0.25,1,"3","3","3","2"
"94","FB",0,"15",0.447,1,"2","4",0.25,1,"3","3","3","2"
"94","FB",0,"15",0.447,1,"2","4",0.25,1,"3","3","3","2"
"94","FB",1,"15",0.447,1,"2","4",0.25,1,"3","3","3","2"
"94","FB",1,"15",0.447,1,"2","4",0.25,1,"3","3","3","2"
"94","LR",1,"15",0.447,1,"2","4",0.25,1,"3","3","3","2"
"94","LR",1,"15",0.447,1,"2","4",0.25,1,"3","3","3","2"
"94","LR",1,"15",0.447,1,"2","4",0.25,1,"3","3","3","2"
"94","LR",1,"15",0.447,1,"2","4",0.25,1,"3","3","3","2"
"94","LR",1,"15",0.447,1,"2","4",0.25,1,"3","3","3","2"
"94","LR",1,"15",0.447,1,"2","4",0.25,1,"3","3","3","2"
"94","LR",1,"15",0.447,1,"2","4",0.25,1,"3","3","3","2"
"94","LR",1,"15",0.447,1,"2","4",0.25,1,"3","3","3","2"
"95","FB",0,"11",0.509,0.041,"3","2",0.75,0,"2","2","4","3"
"95","FB",0,"11",0.509,0.041,"3","2",0.75,0,"2","2","4","3"
"95","FB",1,"11",0.509,0.041,"3","2",0.75,0,"2","2","4","3"
"95","FB",1,"11",0.509,0.041,"3","2",0.75,0,"2","2","4","3"
"95","FB",1,"11",0.509,0.041,"3","2",0.75,0,"2","2","4","3"
"95","FB",1,"11",0.509,0.041,"3","2",0.75,0,"2","2","4","3"
"95","FB",1,"11",0.509,0.041,"3","2",0.75,0,"2","2","4","3"
"95","FB",1,"11",0.509,0.041,"3","2",0.75,0,"2","2","4","3"
"95","LR",0,"11",0.509,0.041,"3","2",0.75,0,"2","2","4","3"
"95","LR",0,"11",0.509,0.041,"3","2",0.75,0,"2","2","4","3"
"95","LR",0,"11",0.509,0.041,"3","2",0.75,0,"2","2","4","3"
"95","LR",0,"11",0.509,0.041,"3","2",0.75,0,"2","2","4","3"
"95","LR",0,"11",0.509,0.041,"3","2",0.75,0,"2","2","4","3"
"95","LR",0,"11",0.509,0.041,"3","2",0.75,0,"2","2","4","3"
"95","LR",0,"11",0.509,0.041,"3","2",0.75,0,"2","2","4","3"
"95","LR",0,"11",0.509,0.041,"3","2",0.75,0,"2","2","4","3"
"96","FB",0,"23",0,0.531,"4","1",0,0.5,"5","4","5","4"
"96","FB",0,"23",0,0.531,"4","1",0,0.5,"5","4","5","4"
"96","FB",0,"23",0,0.531,"4","1",0,0.5,"5","4","5","4"
"96","FB",0,"23",0,0.531,"4","1",0,0.5,"5","4","5","4"
"96","FB",0,"23",0,0.531,"4","1",0,0.5,"5","4","5","4"
"96","FB",0,"23",0,0.531,"4","1",0,0.5,"5","4","5","4"
"96","FB",0,"23",0,0.531,"4","1",0,0.5,"5","4","5","4"
"96","FB",0,"23",0,0.531,"4","1",0,0.5,"5","4","5","4"
"96","LR",0,"23",0,0.531,"4","1",0,0.5,"5","4","5","4"
"96","LR",0,"23",0,0.531,"4","1",0,0.5,"5","4","5","4"
"96","LR",0,"23",0,0.531,"4","1",0,0.5,"5","4","5","4"
"96","LR",0,"23",0,0.531,"4","1",0,0.5,"5","4","5","4"
"96","LR",1,"23",0,0.531,"4","1",0,0.5,"5","4","5","4"
"96","LR",1,"23",0,0.531,"4","1",0,0.5,"5","4","5","4"
"96","LR",1,"23",0,0.531,"4","1",0,0.5,"5","4","5","4"
"96","LR",1,"23",0,0.531,"4","1",0,0.5,"5","4","5","4"
"97","FB",0,"23",0,0.501,"4","1",0,0.25,"5","4","5","4"
"97","FB",0,"23",0,0.501,"4","1",0,0.25,"5","4","5","4"
"97","FB",0,"23",0,0.501,"4","1",0,0.25,"5","4","5","4"
"97","FB",0,"23",0,0.501,"4","1",0,0.25,"5","4","5","4"
"97","FB",0,"23",0,0.501,"4","1",0,0.25,"5","4","5","4"
"97","FB",0,"23",0,0.501,"4","1",0,0.25,"5","4","5","4"
"97","FB",0,"23",0,0.501,"4","1",0,0.25,"5","4","5","4"
"97","FB",0,"23",0,0.501,"4","1",0,0.25,"5","4","5","4"
"97","LR",0,"23",0,0.501,"4","1",0,0.25,"5","4","5","4"
"97","LR",0,"23",0,0.501,"4","1",0,0.25,"5","4","5","4"
"97","LR",0,"23",0,0.501,"4","1",0,0.25,"5","4","5","4"
"97","LR",0,"23",0,0.501,"4","1",0,0.25,"5","4","5","4"
"97","LR",0,"23",0,0.501,"4","1",0,0.25,"5","4","5","4"
"97","LR",0,"23",0,0.501,"4","1",0,0.25,"5","4","5","4"
"97","LR",1,"23",0,0.501,"4","1",0,0.25,"5","4","5","4"
"97","LR",1,"23",0,0.501,"4","1",0,0.25,"5","4","5","4"
"98","FB",0,"15",0.523,0.992,"2","4",0.5,1,"3","3","3","2"
"98","FB",0,"15",0.523,0.992,"2","4",0.5,1,"3","3","3","2"
"98","FB",0,"15",0.523,0.992,"2","4",0.5,1,"3","3","3","2"
"98","FB",0,"15",0.523,0.992,"2","4",0.5,1,"3","3","3","2"
"98","FB",1,"15",0.523,0.992,"2","4",0.5,1,"3","3","3","2"
"98","FB",1,"15",0.523,0.992,"2","4",0.5,1,"3","3","3","2"
"98","FB",1,"15",0.523,0.992,"2","4",0.5,1,"3","3","3","2"
"98","FB",1,"15",0.523,0.992,"2","4",0.5,1,"3","3","3","2"
"98","LR",1,"15",0.523,0.992,"2","4",0.5,1,"3","3","3","2"
"98","LR",1,"15",0.523,0.992,"2","4",0.5,1,"3","3","3","2"
"98","LR",1,"15",0.523,0.992,"2","4",0.5,1,"3","3","3","2"
"98","LR",1,"15",0.523,0.992,"2","4",0.5,1,"3","3","3","2"
"98","LR",1,"15",0.523,0.992,"2","4",0.5,1,"3","3","3","2"
"98","LR",1,"15",0.523,0.992,"2","4",0.5,1,"3","3","3","2"
"98","LR",1,"15",0.523,0.992,"2","4",0.5,1,"3","3","3","2"
"98","LR",1,"15",0.523,0.992,"2","4",0.5,1,"3","3","3","2"
"99","FB",0,"15",0.458,1,"2","4",0.25,1,"3","3","3","2"
"99","FB",0,"15",0.458,1,"2","4",0.25,1,"3","3","3","2"
"99","FB",0,"15",0.458,1,"2","4",0.25,1,"3","3","3","2"
"99","FB",0,"15",0.458,1,"2","4",0.25,1,"3","3","3","2"
"99","FB",0,"15",0.458,1,"2","4",0.25,1,"3","3","3","2"
"99","FB",0,"15",0.458,1,"2","4",0.25,1,"3","3","3","2"
"99","FB",1,"15",0.458,1,"2","4",0.25,1,"3","3","3","2"
"99","FB",1,"15",0.458,1,"2","4",0.25,1,"3","3","3","2"
"99","LR",1,"15",0.458,1,"2","4",0.25,1,"3","3","3","2"
"99","LR",1,"15",0.458,1,"2","4",0.25,1,"3","3","3","2"
"99","LR",1,"15",0.458,1,"2","4",0.25,1,"3","3","3","2"
"99","LR",1,"15",0.458,1,"2","4",0.25,1,"3","3","3","2"
"99","LR",1,"15",0.458,1,"2","4",0.25,1,"3","3","3","2"
"99","LR",1,"15",0.458,1,"2","4",0.25,1,"3","3","3","2"
"99","LR",1,"15",0.458,1,"2","4",0.25,1,"3","3","3","2"
"99","LR",1,"15",0.458,1,"2","4",0.25,1,"3","3","3","2"
"100","FB",0,"11",0.538,0.02,"3","2",0.375,0,"2","2","4","3"
"100","FB",0,"11",0.538,0.02,"3","2",0.375,0,"2","2","4","3"
"100","FB",0,"11",0.538,0.02,"3","2",0.375,0,"2","2","4","3"
"100","FB",0,"11",0.538,0.02,"3","2",0.375,0,"2","2","4","3"
"100","FB",0,"11",0.538,0.02,"3","2",0.375,0,"2","2","4","3"
"100","FB",1,"11",0.538,0.02,"3","2",0.375,0,"2","2","4","3"
"100","FB",1,"11",0.538,0.02,"3","2",0.375,0,"2","2","4","3"
"100","FB",1,"11",0.538,0.02,"3","2",0.375,0,"2","2","4","3"
"100","LR",0,"11",0.538,0.02,"3","2",0.375,0,"2","2","4","3"
"100","LR",0,"11",0.538,0.02,"3","2",0.375,0,"2","2","4","3"
"100","LR",0,"11",0.538,0.02,"3","2",0.375,0,"2","2","4","3"
"100","LR",0,"11",0.538,0.02,"3","2",0.375,0,"2","2","4","3"
"100","LR",0,"11",0.538,0.02,"3","2",0.375,0,"2","2","4","3"
"100","LR",0,"11",0.538,0.02,"3","2",0.375,0,"2","2","4","3"
"100","LR",0,"11",0.538,0.02,"3","2",0.375,0,"2","2","4","3"
"100","LR",0,"11",0.538,0.02,"3","2",0.375,0,"2","2","4","3"
